path,bytes,sha256,kind
analysis/check_initial_conditions.py,308,01220c0d3eae1e3d173ef7cc466fbe2bfab8f9ca34854c38a015083a1134fefd,py
analysis/dense_export.py,263,9e3ba6aff7f81fd3caf284b2dd8b0e403ddab8b6a7374d5a34c4ee917ecccc36,py
analysis/diagnostics.py,255,3f0031864a4417be8712866b570b2bc47fa12e0361f922cc0471109f66789fe7,py
analysis/figure1_isosurfaces.py,250,54f7ec9ca13efbd2531aff1e6dde335dc21b927ae8b213feccabc200a7edc6fd,py
analysis/figure2_mass_convergence.py,246,d01dd377989433d0c11250f4c79cf5d32d7f0330d010930373cebe8fdb6b5d8e,py
analysis/figures/figure2_mass_convergence.png,673164,2885f61a836b1eb493eb9ceb4ed7f03a0bf60ba3891215be882d386f870bdaea,png
analysis/followup_20260907/audit_cooling.sh,524,835f4119933cdf430d1dabd68c11210eeb44f37860ca78c40990e900f8316735,sh
analysis/followup_20260907/audit_sources.sh,965,08118d6166236e209a1337feb0595b76915f7ec4c13b471d0e3157951e69710e,sh
analysis/followup_20260907/browser_smoke.cjs,3756,bac8cdff5526384b1f4ee70c78a84a3705e6d44955c3d27aba5b34acdc118e11,cjs
analysis/followup_20260907/build_tracking.sh,708,5bfa33f949eb4a551f6ea3be380959891dedbf83ea4666035f1d5e8214397e84,sh
analysis/followup_20260907/check_regressions.py,1649,14b4da5d07f420936a4d3ddc1f87da4771e0d119c4cea3745d84ee4b6b8f6cec,py
analysis/followup_20260907/cloud_wind_tracking.cpp,10528,fc11d25edb33d10f6dfe8ae0b73f9fa74e6ba8869348814a580b221211c57ff6,cpp
analysis/followup_20260907/cooling_audit.py,2562,19d0ffd4ace8ccafe788daecc54a07ac58927cd13395e1a6776ee91f6fb7428a,py
analysis/followup_20260907/evidence/browser_smoke.json,264,9eb6062fb5238032c6af2ac091cb647732a967147e3ebb161178680e3cebf7ee,json
analysis/followup_20260907/evidence/comparison_regression.json,209,9e583f7754e08b0d3518f83bd44ca99c7852541028200de7206c223ee9103e79,json
analysis/followup_20260907/evidence/cooling_audit.json,9682,8cc8013adfe711cee16e30b66902b329587d91270d6f1dd87957c01d7c033da5,json
analysis/followup_20260907/evidence/cooling_inputs/FL_apkcool_L6_chi10/athinput,3955,82212d0f09ae7fd5e04c4c70d5e66934653b8a11086975670fa6b255317696e6,
analysis/followup_20260907/evidence/cooling_inputs/FL_apkcool_L6_chi10/run.out,4370,6b536e139bbec551d75009141990a96e3af2df3ea86b244081c191dd65b0837a,out
analysis/followup_20260907/evidence/cooling_inputs/FL_apkcool_L6_chi100/athinput,3957,a68628bfe847a198aa32ba7137ccb86eed57548cc3db108f2056ef983f2d1643,
analysis/followup_20260907/evidence/cooling_inputs/FL_apkcool_L6_chi100/run.out,5697,ae51cac3a06a866ced8ace44a940e49d5ae64460e129a9680a8c85487d504e6f,out
analysis/followup_20260907/evidence/cooling_inputs/FL_apkcool_L6_chi1000/athinput,3958,55d2b36203ad3741275060b637c4d604b31fb47b5bc3afd7857509bcdf92e067,
analysis/followup_20260907/evidence/cooling_inputs/FL_apkcool_L6_chi1000/run.out,5593,e72c96b201b56f3969be64c846d384204491aada4ca4f035727b264e771f2e57,out
analysis/followup_20260907/evidence/cooling_inputs/GPU_apkcool_L5_chi1000/athinput,3958,97356dd24fe22da5d5f41517c517d504c15cb00079d1d6f32949b6a8565a1be7,
analysis/followup_20260907/evidence/cooling_inputs/GPU_apkcool_L5_chi1000/run.out,12528,33e01ac79135eb1de89390dce91ffad27748c9a5b64a3382f2f98b8d5cc65027,out
analysis/followup_20260907/evidence/cooling_inputs/WK_apkcool_L4_chi10/athinput,3953,ae0bd32bc1fc98d16f34406bce38c82bd86892fca7957a6005ac481397f796f8,
analysis/followup_20260907/evidence/cooling_inputs/WK_apkcool_L4_chi10/run.out,2534,bb0f98a1bc44ad91a46808324ba5a9e3e6e92b9a439fea82144c0124c371678e,out
analysis/followup_20260907/evidence/cooling_inputs/WK_apkcool_L4_chi100/athinput,3955,5c6823579e4a2e734ab59992534afd5072aad0865808ed1a9bcd8251560c790f,
analysis/followup_20260907/evidence/cooling_inputs/WK_apkcool_L4_chi100/run.out,3617,3f6b1c9b12462a7f25417d3fa28d6083d186abf93c334318b00be76d9be71055,out
analysis/followup_20260907/evidence/cooling_inputs/WK_apkcool_L4_chi1000/athinput,3956,dce4306b490c9287fa4c22fe7b190e194fe9e9c321a0cf297178cc72332086cc,
analysis/followup_20260907/evidence/cooling_inputs/WK_apkcool_L4_chi1000/run.out,7263,488cab2a386ade420444937c17bd4704689e8a36cf48ced8f2d643fa607511ed,out
analysis/followup_20260907/evidence/cooling_inputs/WK_apkcool_L5_chi10/athinput,3955,f28abe0eeb722c9b44c28ccc2de5171b0a27afce91425b78a55ddd7274f7d2e7,
analysis/followup_20260907/evidence/cooling_inputs/WK_apkcool_L5_chi10/run.out,3070,a18430f9f6396e42149b2c3111c14c4efe66eff72ae497285797b8e6b84570c5,out
analysis/followup_20260907/evidence/cooling_inputs/WK_apkcool_L5_chi100/athinput,3957,0b95b59e9986ea73ae4330a80f6473a3c6d2c52e0b11d34e7f12977be81be636,
analysis/followup_20260907/evidence/cooling_inputs/WK_apkcool_L5_chi100/run.out,5237,b87bd81556248dc42b1cddcb951e5dcbbac95f83fc17906989f6752c7a617e7a,out
analysis/followup_20260907/evidence/figure_plan.json,372,fbb734a995c2ef198a1ab2857931533d24206ac36b735eb305e819e0a23d28df,json
analysis/followup_20260907/evidence/initial_audit_3d.png,79102,c453084bb8a93ef83b08fe7ca3df62a1ffc2ca81e70abdccba03b93f5e13a73b,png
analysis/followup_20260907/evidence/initial_audit_3d.png.json,3236,536376b411cde4009f1dd70f93d63a209d472b93e0022b868e6bf6cb4bdd330b,json
analysis/followup_20260907/evidence/live_deployment.json,1858,5b0847886692a52fadfaeb0036b65df5765fe058767a86fdef6e13f62cc9f191,json
analysis/followup_20260907/evidence/logs/build_tracking.log,42680,59972a48d7fba39227e4f18add543de1c0195bd1fb0341831d20c7ef95424068,log
analysis/followup_20260907/evidence/regression_suite.json,7853,28af4ea4d8eec406dd7d9f86d54fea122ad0f194d84874bcaef980f54467cd7c,json
analysis/followup_20260907/evidence/short_audit_mass.png,48504,46cf133128f73dffa8edf049ff60d290826313d491705fad0cde2adea2537400,png
analysis/followup_20260907/evidence/tracking_extended.json,402769,f9795072c8d8b49e8a3a975875a24cacbb1eef26bca266f92be5228270b78b79,json
analysis/followup_20260907/evidence/tracking_extended_inputs/L3_chi1000_late_restart/athinput,915,16fc5ed03489d0f17d33667118340121a34f7fab8a8c467e8a8b7a557ffd7e09,
analysis/followup_20260907/evidence/tracking_extended_inputs/L3_chi1000_late_restart/cloud_sharp13_20260907_L3_chi1000.hst,299594,635253b20b91535a971d9d712969edf8cbd3cc2e4144f2c25b8f1ea962f1dbbb,hst
analysis/followup_20260907/evidence/tracking_extended_inputs/L3_chi1000_late_restart/provenance.json,1567,771004fcadc189db6c3681f07a5878d20f5412ccdeabb48a41f7682d67f6ee5f,json
analysis/followup_20260907/evidence/tracking_extended_inputs/L3_chi1000_late_restart/run.log,6362,d77cec023751aba4b9ac263d23eb06993ccfc77669d1d423fd1267460702b4e8,log
analysis/followup_20260907/evidence/tracking_extended_inputs/L3_chi100_late_restart/athinput,914,ffe9b6ffdabd90be866cdb1e1d1226702cf24ec5dee27f8d1fd0be7893425371,
analysis/followup_20260907/evidence/tracking_extended_inputs/L3_chi100_late_restart/cloud_sharp13_20260907_L3_chi100.hst,88020,965358b69ae738d79df1e72c45925c6618840d49ba61025a34e048a280be456c,hst
analysis/followup_20260907/evidence/tracking_extended_inputs/L3_chi100_late_restart/provenance.json,1561,26a28861f97bc642f19f2784157ac0a00161b179251898bc9c25c59dc86153c8,json
analysis/followup_20260907/evidence/tracking_extended_inputs/L3_chi100_late_restart/run.log,2113,e249417c7e3872b89d527bcae2040fd02a2d5126e9c52778a6aacaf01e45cc7a,log
analysis/followup_20260907/evidence/tracking_extended_inputs/L3_chi100_mpi1/athinput,885,e1b7d72c5802ba54e1152fcbe05fb65aa6bddaa32b71065f7e49871791f7e304,
analysis/followup_20260907/evidence/tracking_extended_inputs/L3_chi100_mpi1/cloud_sharp13_20260907_L3_chi100.hst,4764,0e3bcc69a91c0e48263ef6f711f2923af5a402fba378a80e26073f2b0e8c1624,hst
analysis/followup_20260907/evidence/tracking_extended_inputs/L3_chi100_mpi1/provenance.json,1184,3b8de28c1ce8871a2404cfca25ee4d782c4529c5b05e56bee3ea415cdad95901,json
analysis/followup_20260907/evidence/tracking_extended_inputs/L3_chi100_mpi1/run.log,378,2e630ab1dd952c047b3f02ee32e45c96f25aae80a422553538a2894d6f451cb3,log
analysis/followup_20260907/evidence/tracking_extended_inputs/L3_chi100_mpi4/athinput,885,e1b7d72c5802ba54e1152fcbe05fb65aa6bddaa32b71065f7e49871791f7e304,
analysis/followup_20260907/evidence/tracking_extended_inputs/L3_chi100_mpi4/cloud_sharp13_20260907_L3_chi100.hst,4764,67c8fde5b6a5a563dbb6eb260b7c9d9d8ac10cdbe928b45ab5fcaa92c5958234,hst
analysis/followup_20260907/evidence/tracking_extended_inputs/L3_chi100_mpi4/provenance.json,1184,fa03fec4a066db6462380a0391ad90b4c02b247828615ba43dae31d0e15e74cd,json
analysis/followup_20260907/evidence/tracking_extended_inputs/L3_chi100_mpi4/run.log,576,b4cc603416802532c52459483158deac5349aad915315ca2027fdffa16887a01,log
analysis/followup_20260907/evidence/tracking_extended_inputs/L3_chi10_late_restart/athinput,913,038ba559db2810cf430cc7e54b5ee4118c11e286baff468bae23e296eaf84a29,
analysis/followup_20260907/evidence/tracking_extended_inputs/L3_chi10_late_restart/cloud_sharp13_20260907_L3_chi10.hst,23798,98a80cc21cf5326d846a3bd09b7bb820e158ecba6dc6b4c9b6180aab1db90c83,hst
analysis/followup_20260907/evidence/tracking_extended_inputs/L3_chi10_late_restart/provenance.json,1550,fc9a93a4650ee5c8f2caab555f5876248cf2a5c953b6e18a0f4a7c463b19ca1c,json
analysis/followup_20260907/evidence/tracking_extended_inputs/L3_chi10_late_restart/run.log,895,130a341362dbd1d2c66f81c5e79022af5b53a266bd47f8d2f7b971e2054d90ed,log
analysis/followup_20260907/evidence/tracking_extended_inputs/L4_chi1000_full/athinput,918,565f7f22dafc8a90fbf46ab8d6dc58de0c705dbcbe30e9d14e06ba1ba60c8fe2,
analysis/followup_20260907/evidence/tracking_extended_inputs/L4_chi1000_full/cloud_sharp13_20260907_L4_chi1000.hst,1228894,e904873dc03797c474bb534af21773324ce44b89af7aa06ef461d67ef013db61,hst
analysis/followup_20260907/evidence/tracking_extended_inputs/L4_chi1000_full/provenance.json,1184,face1929f4f7a23d367cd77e62140f8524b9694362fd8243d5eb182b4621fbc6,json
analysis/followup_20260907/evidence/tracking_extended_inputs/L4_chi1000_full/run.log,3242,68ce1d8244f342605fb11b0a060db1345f29a722de70549bb450516a956d006f,log
analysis/followup_20260907/evidence/tracking_extended_inputs/L4_chi100_full/athinput,916,ec3957214da8442b833be9af0862e380b50f49614c66c579344beb2ddf4e7991,
analysis/followup_20260907/evidence/tracking_extended_inputs/L4_chi100_full/cloud_sharp13_20260907_L4_chi100.hst,370862,131c719c9db246fab7584b9a64bd8d5065a9eebbcb6456c2d588c14c5f75b505,hst
analysis/followup_20260907/evidence/tracking_extended_inputs/L4_chi100_full/provenance.json,1183,661d15c3c62bd89dfa4d4fbf1f9dda16a1d68667ba20a23bd484c52c5310194a,json
analysis/followup_20260907/evidence/tracking_extended_inputs/L4_chi100_full/run.log,1551,c25ab44415ba7af2102136da332ccd5da01433a1685904284201fb60e49d1ad1,log
analysis/followup_20260907/evidence/tracking_extended_inputs/L4_chi10_full/athinput,915,c9afdffd040ac26810ede7f61b37c80b48280237323f94c8d7fe666e0b8738fe,
analysis/followup_20260907/evidence/tracking_extended_inputs/L4_chi10_full/cloud_sharp13_20260907_L4_chi10.hst,108758,6b10f14f8c361d2b2bbbe56bdea5b7d4207a85b93f0671bb0962b2322397f3c2,hst
analysis/followup_20260907/evidence/tracking_extended_inputs/L4_chi10_full/provenance.json,1184,d27bd61178db3878fd6b4b3e7e1612f4b35ea3ad1b37bb25a86618686dbd109f,json
analysis/followup_20260907/evidence/tracking_extended_inputs/L4_chi10_full/run.log,1036,d58e26a30a5134ffaa2a155609f4a2ab21e87270f4f858de78b2b46929d063e7,log
analysis/followup_20260907/evidence/tracking_fulltime.json,273945,1696512823a422a8692f52f34189b958fa21c162a4cb741d2b8c73885baf1b8c,json
analysis/followup_20260907/evidence/tracking_inputs/baseline_no_shift/athinput,847,c3ef37600f6cef7f2570b3da0dda0048672e863570c23cc4017e1c8497b2becc,
analysis/followup_20260907/evidence/tracking_inputs/baseline_no_shift/run.log,507,556f32ee603ba43e021d2d42d253e18834b5b0916a7b2f2b5f0c36d594fceb8f,log
analysis/followup_20260907/evidence/tracking_inputs/baseline_no_shift/verification.json,5299,74f873ec29d3cf2162fe46533b431545562a258e0867a5939bfc65d05df68443,json
analysis/followup_20260907/evidence/tracking_inputs/fulltime_chi1000_shift0/athinput,906,42816825d560838afba09f5b39c92dff49aa19b17b9ad02b3faaf1bb345aae64,
analysis/followup_20260907/evidence/tracking_inputs/fulltime_chi1000_shift0/run.log,12886,a491fbe133c963170b7599bcb6d9f88da08dd5d582a5babe9019255eb4ed9508,log
analysis/followup_20260907/evidence/tracking_inputs/fulltime_chi1000_shift0/verification.json,40478,9c1baa19b8d5540e35cd860ab2dd4f77640293d017c7fe81d58dbb3927613502,json
analysis/followup_20260907/evidence/tracking_inputs/fulltime_chi1000_shift1/athinput,905,6af82f2f94411db5774f4a1e6b24971100342a64b7980f98efbf0c80174ad1a4,
analysis/followup_20260907/evidence/tracking_inputs/fulltime_chi1000_shift1/run.log,12496,5f7f41e743f874d6db0b2d33a69fb5702ffa2234d63ff17c8331e2a8270ce4a6,log
analysis/followup_20260907/evidence/tracking_inputs/fulltime_chi1000_shift1/verification.json,41810,cfb92d3c31093a65e788acddd2372bce8519008580a66f1ff4ef7a9c21de03eb,json
analysis/followup_20260907/evidence/tracking_inputs/fulltime_chi100_shift0/athinput,906,d5b8f797666ee6596584e9a558f47a280ac3e91dd7e2b1e2eddff134ba05430a,
analysis/followup_20260907/evidence/tracking_inputs/fulltime_chi100_shift0/run.log,4342,04572c9ba8fce37a8924f16dae89b6b1d007b1ac44befb1669ea43c130e9e5c7,log
analysis/followup_20260907/evidence/tracking_inputs/fulltime_chi100_shift0/verification.json,40592,47265e8ddde3540bbe24f6990d6b88bd42f6cf7ef43be31ff0436f18f61522b2,json
analysis/followup_20260907/evidence/tracking_inputs/fulltime_chi100_shift1/athinput,905,47fc9c6f022656267600d705bc198e3b9cfc828fba96df717d2f221ac8305c22,
analysis/followup_20260907/evidence/tracking_inputs/fulltime_chi100_shift1/run.log,4086,9c2648ac5170519817fd780ec787435975979d52021c76fc2aed3ad7b9e6babc,log
analysis/followup_20260907/evidence/tracking_inputs/fulltime_chi100_shift1/verification.json,41772,9df57469f876351782a52c0edb7e2be3c10e361d508dc9b0500a0c147ffb95bd,json
analysis/followup_20260907/evidence/tracking_inputs/fulltime_chi10_shift0/athinput,906,5dec6748dd17ecb6fefc23ad8ef3c02c17fe709f39e331f3eff714b3ca18f394,
analysis/followup_20260907/evidence/tracking_inputs/fulltime_chi10_shift0/run.log,1718,d6abb4d1a1ac3d66b42f0814408395d7ae00f8aea623e80515ec372569109f04,log
analysis/followup_20260907/evidence/tracking_inputs/fulltime_chi10_shift0/verification.json,41119,96492f44ecf2eaf8c1736490f8830b267a48bd34c2de05183de6e42afc4e2c7c,json
analysis/followup_20260907/evidence/tracking_inputs/fulltime_chi10_shift1/athinput,905,168d9f5cfdc5f0c9ea45e38c68382901fadb191fae621c2b1c0041ad6cf52736,
analysis/followup_20260907/evidence/tracking_inputs/fulltime_chi10_shift1/run.log,1462,7569b156931e055d7bf312e612a4abf2decfe441be2b8f5162e6d8a8a68bfc76,log
analysis/followup_20260907/evidence/tracking_inputs/fulltime_chi10_shift1/verification.json,41767,50329a684af78053829952b804847624a720ba6a2afe848d76adaa26eac63a72,json
analysis/followup_20260907/evidence/tracking_inputs/tracking_chi100/athinput,848,22f8354a4f46ad4806961fb9b7336a8ad95981d94274d6d8e0d7c916fb71aec9,
analysis/followup_20260907/evidence/tracking_inputs/tracking_chi100/run.log,507,5602facd40ee41b989aa0ed7b1efd6d8999cfdcb646629cfe6b287156bfaed19,log
analysis/followup_20260907/evidence/tracking_inputs/tracking_chi100/verification.json,5399,bf124db99d5afe46b511e70399c91b065f4a0166eed6527910e4993c3841e241,json
analysis/followup_20260907/evidence/tracking_inputs/tracking_chi1000/athinput,850,4aa075ae113c07adbedb2a7db3929dec0a587cc790a1c09ec9085ad3efec4871,
analysis/followup_20260907/evidence/tracking_inputs/tracking_chi1000/run.log,507,565bf217ff4be1e6966c521a14e334634db90c88e33a68badcf8d65c82418d5c,log
analysis/followup_20260907/evidence/tracking_inputs/tracking_chi1000/verification.json,5443,3d41e548c50c0222a824e4b7ef7ff2a8ac57ec981631217c7f8380700bbe2b52,json
analysis/followup_20260907/evidence/tracking_inputs/tracking_disabled/athinput,847,c3ef37600f6cef7f2570b3da0dda0048672e863570c23cc4017e1c8497b2becc,
analysis/followup_20260907/evidence/tracking_inputs/tracking_disabled/run.log,507,a1272586ceac28fbca60908a5e9a0dc9b6c98d512030bc01202d1578bfe9d767,log
analysis/followup_20260907/evidence/tracking_inputs/tracking_disabled/verification.json,5308,558519575fff38e24f47fee5a83a3b0d0e9070343ad715ba3bfb104868fcfa52,json
analysis/followup_20260907/evidence/tracking_inputs/tracking_enabled/athinput,846,fb723e802dca12e2ee49379bebf1201e95d3dbccdb7a43546a9f3150269cc9d4,
analysis/followup_20260907/evidence/tracking_inputs/tracking_enabled/run.log,507,eceac820cdc2a428244d2209eaccaad2699d7cfba274be98655f017085c526f8,log
analysis/followup_20260907/evidence/tracking_inputs/tracking_enabled/verification.json,5398,7b016951e94655af08cbf44088f21c5b3cb53199e68b6473420c97c74dea3a3e,json
analysis/followup_20260907/evidence/tracking_inputs/tracking_resumed/athinput,846,fb723e802dca12e2ee49379bebf1201e95d3dbccdb7a43546a9f3150269cc9d4,
analysis/followup_20260907/evidence/tracking_inputs/tracking_resumed/run.log,445,5058e28897ac6db521a52d42dd68cd1e1100b60f2f10ca28ee2b54a956d7877a,log
analysis/followup_20260907/evidence/tracking_inputs/tracking_resumed/verification.json,3051,b1156c3b1c1ed63af31d7b0efd73381e919ddacfcbc44540a3ada247a7c5f0b4,json
analysis/followup_20260907/evidence/tracking_tests.json,34011,ca0748f8ce1dddf23fca36b77937f480e67623db02b6749d4c706b71492ed81f,json
analysis/followup_20260907/evidence/viewer_cooling_warning.png,129614,c17603ad997bf12336004701457fe96dda50e7ddd9e7488128faff6afce87784,png
analysis/followup_20260907/inventory.sh,1070,784ff32869ecd1a6369e6543fadb69aa40164d82541b9aa625cc5f586cd62884,sh
analysis/followup_20260907/mkinput_legacy.py,2530,ec2b06bde87ac4f8e0b507270541261fd990a7331fbed268ff1db3cbdec9ffd0,py
analysis/followup_20260907/package_followup.ps1,3131,e3390a83ac7bcfe03c6a4d22eb507229d9dd9acd2770ff4367e7c4ec9f02f083,ps1
analysis/followup_20260907/package_tracking.ps1,2062,b1dc9709de17a04daaf327ec7f26f1130bdaf7cf8420583b6e8521e8da7c1195,ps1
analysis/followup_20260907/README.md,12042,36802a064bd79d1061175953bd9a1242ccc1beb1f3e5ddfdaea214aa3b2cf077,md
analysis/followup_20260907/retired_queue.sh,425,dc17b5e1d6e60d861989407ee8904b6fac96367765b56c4d0aa3e7ba5a02de8b,sh
analysis/followup_20260907/stage.sh,2500,13da476ab9496346a3c487825da423fa1ad4ab4b1251a6b2b0ae14a79ce876aa,sh
analysis/followup_20260907/test_comparison_checks.py,3707,8842190ebd8c7a7b0a5fa911be7d90f074799093038d4ea6730d99a11cd37200,py
analysis/followup_20260907/test_cooling_guard.py,1475,a07083aff987fc9efa8a10cf53cb3114658a2eb21c41c177ca1ef36c1bd9bc0a,py
analysis/followup_20260907/test_storage_guard.py,1673,d741f2262b9d4199c89d50ba91855ef3255abeeffc972110ef24c6db3ff49743,py
analysis/followup_20260907/test_tracking_validation.py,2176,191610e822fe8ba218ea591cef0f3be996db496e5ed4b93ffe86ed0e5fe29197,py
analysis/followup_20260907/test_viewer_followup.cjs,1786,9ff8b2a8f195422509ea4d5334447b737101f45e13599fc2e8c61de90033023c,cjs
analysis/followup_20260907/TRACKING_RESULTS.md,5345,0388bbbc59be5c5961b2bb7f04684af1758e4dc49c3de4feaaf83a252d1d7548,md
analysis/followup_20260907/TRACKING_TEST_PLAN.md,2248,949319475b27b9af9b7503d1a7a5e350983e8c7eb0a7f7caa685b53a537f14f6,md
analysis/followup_20260907/tracking_validation.py,12017,9a8f4086e5f3f6bf981b23679703923d6baa37411d1400d6f8fa91948dbef78f,py
analysis/followup_20260907/validate_followup.py,2443,f593694e11f0994ada4d341980885a865f107e5cd52df7aae4f4c6432e00dd76,py
analysis/followup_20260907/verify_live.cjs,1342,bbe045946ddf9feba93f180a3281c08cc5f5a0bf8152bc76a34b16112f1bdfb4,cjs
analysis/followup_20260907/verify_tracking.py,7329,ed545338262da0ae19704678d4ab6830e64ee2fabb8c44b475772eb6a0e77933,py
analysis/legacy_before_20260907/check_initial_conditions.py,3514,0bb5c9baa2cb60d93422afff2757f3efecfcfd1c79c3f2cae792e17cb420783d,py
analysis/legacy_before_20260907/dense_export.py,8469,374caa4972a522c744f1eaa794a8fbf4845b712b81e92fd92c4919cdf0451a39,py
analysis/legacy_before_20260907/diagnostics.py,4245,2bc35896e5a471f6b409f06e0444ecbd410d3dce78d7266d422af3d643688d27,py
analysis/legacy_before_20260907/figure1_isosurfaces.py,5876,4c79d7c4057ed8c3d00dc0debb2b42e9a821968aa6d636153e5521e7f0705dfd,py
analysis/legacy_before_20260907/figure2_mass_convergence.py,5076,eee786b5b087c921578d070b4b2c4bcf4ff8fa95224c44bc1762f8d155cfcad8,py
analysis/legacy_before_20260907/NOTICE.md,437,4ff6d1033098934720d1b881173ff8a345a2c643cd365d09e011ad589ce8aa7e,md
analysis/legacy_before_20260907/README.md,3269,d3faee1788bb880660d59984425afca3983143b8cef8ec933db3aec48e66e8e1,md
analysis/legacy_before_20260907/run_ladder.sh,5399,54206d3b993a5b7fb47b0c139d8b8e43b2e3c67e07b46e9ef38d8f032e53329b,sh
analysis/legacy_before_20260907/run_lagrangian_level5.sh,2380,18cbf64281a38853fb5f94e971b9e0876af5677c217721b096c1bf3d49b94c5b,sh
analysis/legacy_before_20260907/run_level5_level6.sh,7789,b4a94223771d44c4fad095458122ae0675d08f68f9e7e0a9a7b9a12a7e724100,sh
analysis/legacy_before_20260907/run_params.py,5835,2b6e34d61ae401aca2938325032d70a3457165b359493ee98b1e1fa8f14e3f5c,py
analysis/legacy_before_20260907/run_queue_week.sh,12559,2b20009fad72dc279a32c81f824e55126bd3e6609703ebe5ed57cadac1cd0798,sh
analysis/make_athenapk_input.py,2562,c82385573e54626f12c14dc5c422c02cfbd208e208cac78b062fb1736eb27286,py
analysis/performance_20260907/.gitignore,19,862263fa1f46c20f0d1e4dac5ffcc75abd55c08211b2c3864c5f8764b9d87793,
analysis/performance_20260907/__pycache__/run_optimized.cpython-314.pyc,21281,091711f8c8d69928ccc8eca3b54c3b785e19af86bc5e798c214407e41a1b3f54,pyc
analysis/performance_20260907/benchmark.py,7468,469ea3afc2baac1d8be78270c4c87101b0d86c21ccee7d4950d9686338986061,py
analysis/performance_20260907/build_cpu.sh,408,de6ec1a894c089863b6e83a3f164ba7c1de5da7042e23eb49a5cec90210004bd,sh
analysis/performance_20260907/compare_fields.py,3347,3511eafe4911c1f23010dbf9011a9a70382603f22a1627bb2934956ad1a55a5d,py
analysis/performance_20260907/evidence/native_cpu_chi10.json,1277,4df6e3088b2b1b5eb02e02f72ece3f6d5583f31f855ac5afa0f811522ccc8d74,json
analysis/performance_20260907/evidence/native_cpu_chi100.json,1280,d1d88fd0589ab8a5320023437c94ae98c4f49a818b8882579d85258784de5d9e,json
analysis/performance_20260907/evidence/native_cpu_chi1000.json,1285,30fbc722279c41782948555e6993e1205c3e47bdf8c449ad0635c3256091c4d9,json
analysis/performance_20260907/field_regression.json,4772,9687c19f8d197a320d7472691c56a884213083818fe77b2850867121d2989d13,json
analysis/performance_20260907/inventory.sh,758,0083d93431a9cd2853580acb31402752c0468115297d04dc8982b72041873d95,sh
analysis/performance_20260907/optimized_profiles.json,7748,6baeea1b6b1be5993fedcfb09a6cc9ebbd1a4a29db806631c66521981de29122,json
analysis/performance_20260907/performance_report.json,48898,b13057cd8e74a208ee4fea17e40bfbd32d394ec4c086be2ce82443d68b7a75d4,json
analysis/performance_20260907/prepare_profiles.py,742,e99cc6fb4c2ecd4fb12cfdce35a223c15b1a3f1106cd79255e8edefc14e0f8f6,py
analysis/performance_20260907/README.md,8713,a7e74515f5db419752b87ec463d7f9633d59636f85db232ffb65fc5824e25eb2,md
analysis/performance_20260907/reuse_inventory.json,154288,2daf8dc38c4afe5650f2759271c5bfdea9c6f1cc323caecd3e832e6d463c74da,json
analysis/performance_20260907/reuse_inventory.py,2997,fc13edf4d4229d4f7e30e8cdf58f14306eaf470d2f3bc5ac2b5fdbc4d9ce4cdc,py
analysis/performance_20260907/reuse_sample_results.json,3509,b611b81af9401534f10bf797087c4f42ff411007f6f8a74247b820c0707ef600,json
analysis/performance_20260907/reuse_samples.py,2724,d9b1d5b68be998b2ce571e9de67f69a621f1daaf74b47f736bb68158aa5acdce,py
analysis/performance_20260907/run_optimized.py,11672,a26b922174ba4a0637d50caf4128a8f466acd1568dd6eb90e8d6cb2c4071ee6e,py
analysis/performance_20260907/schedule_smoke.py,1632,430a1607f6917b9443d7aa7af688d0b546a8ba559ce09f3d57c61c8a63f6cf4d,py
analysis/performance_20260907/schedule_smokes.json,1260,0984eecf2fa343d05bad04d5b7087791a34d0b8809debf134446d4bb1f5e68f6,json
analysis/performance_20260907/summarize.py,3474,cfce8a1ae65b0ad8c7aff4cba9aca96edc251a6222f750e95785a5452ffebefc,py
analysis/performance_20260907/test_optimized.py,5788,d5ff4a98f731c17eb8c8490bad2fffd928f143982e74dafa2dc9b5367bbaadd8,py
analysis/performance_20260907/verify_native_cpu.py,1580,6f9f20b53bf6d5aa9999f505f328cf689c1998ab10cafd484fae5f92af2836d4,py
analysis/performance_20260907b/.gitignore,19,862263fa1f46c20f0d1e4dac5ffcc75abd55c08211b2c3864c5f8764b9d87793,
analysis/performance_20260907b/bench.py,5737,334a155c0f986ecbf3adcc0a212114eac70485970a0ebdedb2e87cbaee961bcc,py
analysis/performance_20260907b/build_lto.sh,544,2bc97edb4dd761b101d43c9c66bf2c7d707447c292ac268b61d256aa516d75bc,sh
analysis/performance_20260907b/driver.py,1280,574be4665ed035d9ac36d52666ae05557d2556f43df0f878642a62ebeccf1c1d,py
analysis/performance_20260907b/field_regression.json,9212,35c27da7a2f54a828e7566fcc32b7c3c52a9c499898db5f8666c579d662b771a,json
analysis/performance_20260907b/lto_ic_results.json,4134,c5dfe6a3b49a2f2fb74a175edfacc207d6fd0e3f3e3082f955c0bca8a26f7647,json
analysis/performance_20260907b/performance_report.json,32998,49ebd70b9600d714680521285309c037e3d40f8295a956bd66c290b49c6096e4,json
analysis/performance_20260907b/profiles_before_io_change.json,4368,02429748c3ba28b0871b9cfe52236ca3a939924f14b3029a8c3e0d6f9305bb87,json
analysis/performance_20260907b/README.md,6199,a2adc06b6c6f2872ff6de7adbb357c09f0959426cdf224b280dddd66ef76e7fd,md
analysis/performance_20260907b/summarize.py,3304,15a72f6a50ff6ea1bf8ecdc926f42e9296736c889a6399106da4b271b85dfdb1,py
analysis/performance_20260907b/verify.py,3569,6e315fa35acc31bbe6fdd3dfd87bbf8e12203b9ad50db3d0cd216ba8426684fb,py
analysis/performance_20260907b/verify_lto_ic.py,1663,30dbf8e0b3de7c82e4bc8a4f31852cea919b6ff034bb030abfec96f54fd96c60,py
analysis/performance_20260907c/campaign_inventory.json,97105,f96820a7a645535e43932f2dda5d06552a706849e8ca14bcde0d446637eb11cf,json
analysis/performance_20260907c/campaign_inventory.py,5116,4fba58eab432d83fdb64aa207cf61d16ee515449f44616dfe2495f8cbde0101d,py
analysis/performance_20260907c/deploy_profile.sh,477,af441d5d1a262151d4fe5619bc6822bfa82c19b98b1f72ea22cf95973ffb6511,sh
analysis/performance_20260907c/lossless_probe.json,709,56bda09f461dd298ac1f67cfd781ac8c9102ed85ab5a941a575eadda3f8c0ddc,json
analysis/performance_20260907c/lossless_probe.py,2760,aca89e3863c8aed9980f4f89ec9ff9aa5fd6a76f1f7d106d553c76041b07c843,py
analysis/performance_20260907c/package.ps1,1220,5c1894d40e8cf0302f821ee01211050ac151e5f30665e40eca459a0c8707943d,ps1
analysis/performance_20260907c/PLAN.md,2497,9c84e47d1581079a8590338367ac646fa243f1a5b4ed66280c746a33c1d7458b,md
analysis/performance_20260907c/probe.py,2883,23d197f22d9f6313c083435c30dcd0cd7463e4325b3bb4c39f887e87ec2846f2,py
analysis/performance_20260907c/README.md,5019,927972e9492db991bcc79afba8b0db70c522b73409350bf726ae8d23a07ae748,md
analysis/performance_20260907c/report.json,16892,eb373afa3dc6c4a2be6fd1843c751c2543fb6fc19ad49a767b1646b8ab36ad2f,json
analysis/performance_20260907c/update_queue.py,1522,a8824557b990f9ed7076dd2ba6335472903a955ffd0f78e2b5ca6bdd2db1b429,py
analysis/publication_20260909/build_research_index.py,12552,ab334db101377e66fcd8c981f2b3272c077bbda965dfcc605439e7b16c84a283,py
analysis/publication_20260909/enzo_l5_observation.json,377,6ead40ede5fb576b726db43c93fa8b2610abcb63ed1cdeca899154eb9f65401b,json
analysis/publication_20260909/validate_publication.py,5229,0c4c57b3d61a81e7420672205031d59baa5edb7265e45ef3ec42b108b353cec9,py
analysis/README.md,15349,251dda7fe62fca2c153565f1b115ec9178b79d95611fb9c943f7fc4d51819ce1,md
analysis/render_3d_movie.py,17405,b9814654de14413d76f659892d024695360c7da183ef757e1e5787f0bd5f8b1e,py
analysis/restart_20260907/queue_more.py,7708,fda2c1be2e33a996bcdb6f57ab1f4e8fb9e88663a745d16bacbc0a9f4d1fef30,py
analysis/restart_20260907/run_l4.py,10224,f5acac04beab0f801a655653cbdf0118d40e8ef7fccd2bb65978dcce6b5110e2,py
analysis/restart_20260907/test_l4.py,2646,1e42682dcfc68014e0a3f6856644a0c5e4106b6af43754ee6b774d7e24e5a91b,py
analysis/restart_20260907/test_queue.py,1941,7811ac03d8ee62d0e40e37902ca5d6713bb996072e638f1acd1930f1e0081a48,py
analysis/run_ladder.sh,5657,aca2eff6ce36d78c5489589002219a429f660e0784756ce43ebc81bf8f2c8143,sh
analysis/run_lagrangian_level5.sh,2638,e3fe5c084f64377cbce5973487c21066cf8f9d03b9bf7b314eb38f15e2e986c3,sh
analysis/run_level5_level6.sh,8047,9106c79f38e85cd89cdb9ebc5545458f1d285b3bd07d391b118349ea32116802,sh
analysis/run_params.py,7323,0fee43d86ae146713a14f780fd813b870340af5fe10b8db0bef6c93e9112ebee,py
analysis/run_queue_week.sh,12817,029bd2abd27dcd42f6d35c41acd54077fd76910c27e7a36dc2c97c640d8f19e1,sh
analysis/screenshots/athena42.png,118923,5d252302afc4f740d92a307bc45df88d76ab91c6a2fa874263e4037a0ccdb229,png
analysis/screenshots/athenapk.png,118602,039816cd1dcf06ddf1492069bfb4a6ed3e6564fdda0ba69f74324310b6ddbc79,png
analysis/screenshots/athenapp.png,125973,512c9b060f2a7c48d82e730b1b08e8d47bbe27bee4e50105968ff56e4e9086c2,png
analysis/screenshots/enzo.png,106318,56bc400bcfb706da4028682af6284e3251d3f314781990cdccdd087b78285c22,png
analysis/screenshots/enzo_snapshot.png,84598,319a75b5072b392ba0088a462e0fa56fc3f8cda23116f7dfd6541f60e3b89c87,png
analysis/screenshots/flashx.png,116822,b4528727012cb317329cd62eab6d8f8e7bb2e08f2c1371a42c384793d952c605,png
analysis/screenshots/gizmo.png,95728,923cec7aeaf5ea1fe366584ae1c12149ccba5e495b2bd7dac6a7209aa0fe3594,png
analysis/screenshots/L5_flash48.png,104644,4b1b93c46c0929f1375a36e08c6c242a805946d9a32dde9280e2b379baf01e97,png
analysis/screenshots/L5_flashx.png,101243,e9adc8ea5c7df67b39782c3cc57561a9ba64fb7ca9ff2cf546c202e921d3d2da,png
analysis/screenshots/L5_ramses.png,102994,738e14af553d2aba98bf6b361df38b4f2b5bfef852632402e7785cd4536566ba,png
analysis/screenshots/L6_athena42.png,97075,f4aa076255c3f9fddae92bfc71c69b74a21f7273a721a915396f138ebddfae1c,png
analysis/screenshots/L6_athenapk.png,108248,af41ef212d5ba5c05e3543e3d132a0b4834e7d0d144608c54d71c7a733dc956d,png
analysis/screenshots/L6_athenapp.png,112512,00539cc15bf1f1bc7ef06a89f6b3be2ebf55b558e316da018cd439558297c997,png
analysis/screenshots/L6_enzo.png,97471,dc147c41960ef949e0e9223e4a63dd3299dcf853fe663846848416fea3a06816,png
analysis/screenshots/ramses.png,113721,3a42f28c137826c2863821a311ab6ee6b3ca581b6a2cb9e21abd027d4845fd8e,png
analysis/screenshots/README.md,841,f5816855199aa72830d68991696c8e69bd789fd520a35fb4df00db3935fcba19,md
analysis/screenshots/tree.png,92842,5e99427e3117a57b6df63fb9afbcb888fcfe86a8da6e3326bf9cce75273eaa2c,png
analysis/sensitivity_20260907/analysis/crosscheck_l4.json,2149,155e803664e3de5cab628e1e3aa5b9c0451e07a646a37b273a7f2ff3ca586724,json
analysis/sensitivity_20260907/analysis/density_slices_t5.png,196097,0974618af70e5495b3aa6436173a84379b7aea57b375c1c08180713abea50246,png
analysis/sensitivity_20260907/analysis/mass_evolution.png,194883,82a416cfa283696fa18ca64d015357c1ff46a52c4a07989286f09b172c450ed6,png
analysis/sensitivity_20260907/analysis/report.json,489488,78839ce52a83cb295c61a0f8a772819f53c24915d38f34a41e5ea213ed2a396d,json
analysis/sensitivity_20260907/analyze.py,11126,a325b4f226123d4b80d15a7cc1e3727274016cb487435126a84bd970578b9232,py
analysis/sensitivity_20260907/arepo/analyze_arepo.py,4710,67a73f40d7644c6971265ebd521d8f329ea3fcb76153d834ac72e8d7f0752c6f,py
analysis/sensitivity_20260907/arepo/batch.json,239122,bb32437197ad477d7ef61f9367cf8e233b75e4182bf3770bde80c6ceada33108,json
analysis/sensitivity_20260907/arepo/build.json,3161,f95ebfc12f978cc8da817b5de83e056bdc556b311a0adc50cdc0a65b7cb61688,json
analysis/sensitivity_20260907/arepo/Config.sh,1444,6c12d89d88d2555dd87418e000253c800bae15bcbb4ec5e6497c6c28e2668e54,sh
analysis/sensitivity_20260907/arepo/experiment.json,931,567a56a6037222e9d0cdd85954b9fe2c36106f0741eb7bdc427ad261f17d1516,json
analysis/sensitivity_20260907/arepo/generator_historical.py,7473,4da7f9d2bf1b588c6d13809c6d84faa982bd35a378160ea2a8eab9f62c43a1fa,py
analysis/sensitivity_20260907/arepo/generator_sharp.py,6443,bbbe5d8e78a0db96e261af93c1cffd6c03f16d53c075fa48361d7e0714bcdd09,py
analysis/sensitivity_20260907/arepo/launch_windows.ps1,1028,ec68218825de4bb12a6e37fb30ba0eab61d8f8edf5d1dff51e4cfd1dbcd09260,ps1
analysis/sensitivity_20260907/arepo/mass_and_retention.png,156072,5cceceec91a9ee9f5e6dbfc710a89dcd788b3b833a39a19ef8e407576a96bd0e,png
analysis/sensitivity_20260907/arepo/param_L3.txt,3568,3e32c45221582f213296fa69a56469e36e707a7cd146b7aeee2c3b058bf24535,txt
analysis/sensitivity_20260907/arepo/param_L4.txt,3570,32387a07e3df999a5fdac9bf081ae64ddbc9543674d385eb48a7fb9f0e28343d,txt
analysis/sensitivity_20260907/arepo/param_L5.txt,3575,6f71097acc9670bcd1728d41c3facfb5b3543ff202f9eb4b85cf922f30dcb655,txt
analysis/sensitivity_20260907/arepo/publication.json,1022,2fad836bb11da1414cfc9529c7cca4a509192fea8758f39e3e4aa0f3b5c12261,json
analysis/sensitivity_20260907/arepo/README.md,7865,9fb1c14ed2ec21973d11c51f350347c1c3be3fdd9ee94d39f8bafc672386f6ff,md
analysis/sensitivity_20260907/arepo/report.json,217989,7c74f7b5cff0306cba9f724941a2513dc76485a3eade6d6a1714b6cd81e49fce,json
analysis/sensitivity_20260907/arepo/run_arepo.py,15858,f6806defd0ff6dc139232a9a0baf385e6ba8ebe7c297147cf386941a89912356,py
analysis/sensitivity_20260907/arepo/run_arepo_failed_smoke_v1.py,14607,971ccacbfb772458ba6b7d875b8c39233c78664f404807c398701c8906b0d715,py
analysis/sensitivity_20260907/arepo/setup_arepo.py,3143,9bffa207580ffc9654eddd49f7f4a811812df53d96b2b9d5934b0dc520319cee,py
analysis/sensitivity_20260907/arepo/setup_validation.json,1704,9afb90900411bfb08e2b27c9a7618e48949f7cf7068de0565cf195e8f4eaf683,json
analysis/sensitivity_20260907/arepo/smoke_batch.json,147,ed8a9ecff5fdd22deba57d0518da409632efe2aceede5399db8bffd7fa148f57,json
analysis/sensitivity_20260907/arepo/smoke_batch_v2.json,10480,b2a2bfd3004f17752ed2027c6f0c69f82974b9d05d212d4248346a1819b86aac,json
analysis/sensitivity_20260907/arepo/stage_publication.ps1,2204,4567dec63fd5c9d9a372ae867f732fc48ed2cf7875e84a1619628d2cb2ff5efd,ps1
analysis/sensitivity_20260907/arepo/stage_results.ps1,2708,10a5d6513c75cd7d4957975b9df2c69f99af42d3554cd384c1c99d746cb08272,ps1
analysis/sensitivity_20260907/arepo/test_analysis_arepo.py,626,756ac39977039dfd79959711fdab93d51edf02d60c5d29653dd0606b0e8531b3,py
analysis/sensitivity_20260907/arepo/test_arepo.py,2070,bdfd9ec085f7ca3764ae944e02e04a3d30ad996239a3e14353f375cb290e5843,py
analysis/sensitivity_20260907/arepo/VALIDATION.md,3542,8e2c71ed65931feea441f7323e634339cd7786eabd7dc66da7f7ada3e4a2cb00,md
analysis/sensitivity_20260907/arepo/verify_setup.py,1341,14649a72de22dc9510bfb0ce0cdfbbf6a2228c1bf40cea897271c0a9ea01656b,py
analysis/sensitivity_20260907/arepo/verify_yt_smokes.py,2114,7039dfbb29b1b7d0bec9a07ce6dfb1464ac71d4aa18e91038776b5ff527aea8d,py
analysis/sensitivity_20260907/arepo/yt_smoke_validation.json,1392,7feed8f9c8d3ec93b24e88d4938183d0255b67bf086c004db162ad5609aa0a5d,json
analysis/sensitivity_20260907/athw/analyze_athw.py,7542,a956a3d723e4c6094e4521a20c6e718f14c951d0108f836540033a417ed1a7ce,py
analysis/sensitivity_20260907/athw/batch.json,273399,1409a04c7e9ec5faa9a2b39b7e78a86883f6166329f582c5df180fdb19aff250,json
analysis/sensitivity_20260907/athw/build.json,764,3927d27b5731fec2fa68746207ebf6c2312822d0bf1702ed56e58c3197c16b88,json
analysis/sensitivity_20260907/athw/build_athw.py,1944,32b4adbc172abdd1983ca3ab0240fd4c82aa590d0052f7ef5af5be514d52e05a,py
analysis/sensitivity_20260907/athw/cloud_wind.c,5375,f06a9f512226b8bb5dc623ac413ada43ffb1571b6da9895b005d7862f1dbf3f9,c
analysis/sensitivity_20260907/athw/inspect_completed.py,636,40f3d14d19256e9d8f595088c6516e3a8506fbf8b4c008d24654cd2739814840,py
analysis/sensitivity_20260907/athw/launch.py,1262,1ddc0da729b751e339201484cb2d3dfa9c5cb699eb3635bd574e29913a101372,py
analysis/sensitivity_20260907/athw/launch_windows.ps1,1098,36c531d404bf9eae019bb32e608326221225c917ba90810f6b73944dc15d9e4b,ps1
analysis/sensitivity_20260907/athw/mass_and_retention.png,213902,cf0dd3c8b88ce7ddd4258f67cbee786ce7b0967523a9974101277dc56a9d1529,png
analysis/sensitivity_20260907/athw/README.md,5650,9212655cf0ec1390ed202ee5ef53d45fe2cf4bce65ff797c95c0b118de7f951f,md
analysis/sensitivity_20260907/athw/report.json,272888,39e3c1551f121c3dd43ae7fb68f93f829b8f2436d00ffa752d6a0905c0441803,json
analysis/sensitivity_20260907/athw/run_athw.py,10062,917e03c9a82e8e0a095285bb4fe3b62aac0ab8d3f690b0a11394780ad8a0845f,py
analysis/sensitivity_20260907/athw/smoke_batch.json,6545,6196ab2e47a9d3e70d7e400886da6a62b199880bd2c1409760e1dbcaafc68af2,json
analysis/sensitivity_20260907/athw/test_analysis_athw.py,690,2dc8ff1599b151780bbe09d5dfb34132e4e30eeac5fc54e1c1f3f7d66dba1c23,py
analysis/sensitivity_20260907/athw/test_athw.py,935,f4e50d0121f6af5de72d5a4b8e916020a54ba77057f40629d8c7ae98b4bfe89a,py
analysis/sensitivity_20260907/batch.json,109460,04489cef4cd3a01614894151c4d1fcafa5022fceaca4c33503afa9c6c910b7fe,json
analysis/sensitivity_20260907/build.json,64970,68bb15d5cd6b9aa176a24964f0218d5d34a74e378a1c03384174a0e9c7f70460,json
analysis/sensitivity_20260907/build.py,4661,4f39219a8d4d2ef2cee9ebfc055e365321ce9f46c66920d7cc05ee0df6366424,py
analysis/sensitivity_20260907/build_resolution_summary.py,18747,cf96a7dc5f377edf1c3e2d8e64a9addf9eaddf64eb545020b915451fa1537ef4,py
analysis/sensitivity_20260907/crosscheck_l4.py,644,adfb7a0947d7acc0021a48907ac9ade29384aff684b0632953f894c58309d7d8,py
analysis/sensitivity_20260907/enzo/analyze_enzo.py,6556,3fcbfa6dcfcd98a91611498eef121cd721d1e9ef5ea4b54bd7526e656739d206,py
analysis/sensitivity_20260907/enzo/batch_v2.json,188100,b0d7637d54c2a83dfd19a659b5117b057422f404910610c7325113bcf18483ee,json
analysis/sensitivity_20260907/enzo/build.json,234286,ea16c4d950c23d01955c2e979a2313900e15972a175d300d23ceb7bfabad202b,json
analysis/sensitivity_20260907/enzo/build_enzo.py,3974,02a38dd3d5f751bac1d3d937994a1f17b6f2030ac53922d884a3c0e3d507960e,py
analysis/sensitivity_20260907/enzo/inspect_native.py,597,564c43d652d49cfcd0abe40162db80eccf44dc82168838c1a36ec99496209ff2,py
analysis/sensitivity_20260907/enzo/l5_direct_v1/analyze_enzo.py,6556,3fcbfa6dcfcd98a91611498eef121cd721d1e9ef5ea4b54bd7526e656739d206,py
analysis/sensitivity_20260907/enzo/l5_direct_v1/check_new_tests.py,680,89e404178647e63e35cd7cd6bb0157ff518d7a43ea33a1f4826e3e45f3832f45,py
analysis/sensitivity_20260907/enzo/l5_direct_v1/diagnostics_batch.json,30640,e9df0eb9fed0ef33bad9d097334e36dd8dbe33ef710a94bfd2dcb243b553929e,json
analysis/sensitivity_20260907/enzo/l5_direct_v1/launch_windows.ps1,2905,509dd5d109b6efe12ed7475a3514cd035c96a1cef633ef2529ebd25eff22677e,ps1
analysis/sensitivity_20260907/enzo/l5_direct_v1/native_check_sharp13.json,444417,25d13a0eb0f436a87ebbac72fa2a81c3a91a97344e8f55a8bbaba65a92aae1af,json
analysis/sensitivity_20260907/enzo/l5_direct_v1/plan.json,4540,367f318dcb2c0d3007f4f8273531dbd62a0f10d585029f9bfcb0366349c73b25,json
analysis/sensitivity_20260907/enzo/l5_direct_v1/PLAN.md,4102,315ad67acccc1d6355b8adecf7c73e4a766c9158c170cfc8e5cda6acd8850098,md
analysis/sensitivity_20260907/enzo/l5_direct_v1/prepare.py,3027,704a08786254ab9623cdb5ed67885d347f21495a9c21b77a47c75a513aacddaa,py
analysis/sensitivity_20260907/enzo/l5_direct_v1/run_enzo.py,12224,6e0447d35ae1bdd8a2da46e93f549f67c4087c2bfd7b680ea4e1d11fa01911d6,py
analysis/sensitivity_20260907/enzo/l5_direct_v1/runner.py,12497,939b4717b8d6fc31ae6c0fc9bb4d60e4ec5ce9dad1a034ec17477fa90749be92,py
analysis/sensitivity_20260907/enzo/l5_direct_v1/test_result.json,247,5631cb6278b2f3bc61d748f09940b71f7aa5557fe9589975d56b965b1497a9c7,json
analysis/sensitivity_20260907/enzo/l5_direct_v1/test_runner.py,1970,8ad902af9d4d71467a89e8153efed58c1b4b6e37482673e6d38bb82273db2a25,py
analysis/sensitivity_20260907/enzo/launch_windows.ps1,1001,80bf2129a693c358d6076e8364d7127b57bfe5360c66fe238ab2a7ccb8c42393,ps1
analysis/sensitivity_20260907/enzo/mass_and_retention.png,166948,4b1d57f3d3bca19ceaca5b37788736c1c326c1804e40a3361e377d629548098a,png
analysis/sensitivity_20260907/enzo/README.md,5524,53480100b9fe776e3c37d227c773021889dd55e338cb6189501d7f404f2b34f6,md
analysis/sensitivity_20260907/enzo/report.json,173275,47a8bf75d24c68d671b788ed2b06cab40e71bdbf3a6ba0dc63f1755871834571,json
analysis/sensitivity_20260907/enzo/run_enzo.py,12224,6e0447d35ae1bdd8a2da46e93f549f67c4087c2bfd7b680ea4e1d11fa01911d6,py
analysis/sensitivity_20260907/enzo/run_enzo_first_attempt.py.txt,12047,63f6d722abc6df552278df59a92f3047e33b96af62c2832d7afb4f369393312a,txt
analysis/sensitivity_20260907/enzo/smoke_batch_v2.json,6850,e4bf9ae57f390aec82a32f98a31405e751a3aa7d24bf9683574d890685d4face,json
analysis/sensitivity_20260907/enzo/source/CloudWindInitialize.C,7502,7e377e2a211abe4ec2a98ff9c2fe161923d89c36c84ebb0d9fb70903298c7610,C
analysis/sensitivity_20260907/enzo/source/Grid_CloudWindInitializeGrid.C,3844,21f058728a4085bc27c16fe7e9c5da94ecef7a985628a75d5f32bd8f22e4ccde,C
analysis/sensitivity_20260907/enzo/test_analysis_enzo.py,546,ae432758e04be6817e05b6cb231a281ce3426700a97d112f0e1c4cfab81e6ec7,py
analysis/sensitivity_20260907/enzo/test_enzo.py,820,1a6d857d88876543e586349778fc1e21847c2e025feac7409f1693dbb63d94dd,py
analysis/sensitivity_20260907/enzoe/analyze_enzoe.py,4596,7156cb407483c832da14447f2899eb8561f0d2c114c39efa7d57fbfe22908fd5,py
analysis/sensitivity_20260907/enzoe/batch.json,482472,d75c1d5ee3d121bf09b0077138790825d91e7d5ef5002358afc98efc7587fd31,json
analysis/sensitivity_20260907/enzoe/build.json,883,f89cafca56633a06e2c9fa57037130b4b11c570cce92107971113a9fd38d4499,json
analysis/sensitivity_20260907/enzoe/launch_windows.ps1,981,4ff57f026e4a3893c1cea247e5e695d9644c7bd74fececed753c4a8dc39af221,ps1
analysis/sensitivity_20260907/enzoe/mass_evolution.png,142501,6edda616776b6c6009ca9d51c6eb909ff502b2319f011296136b3c77a5cfe8f5,png
analysis/sensitivity_20260907/enzoe/README.md,4083,b4bfa4896bace7dafdebf99be1358b65c4ac0e898b82fc2d62124721b756301b,md
analysis/sensitivity_20260907/enzoe/report.json,457451,0c524b12dbba6dfafda403a9eb3a2c7aacd7e2aaa79256cb80dc61aae8e6d0a6,json
analysis/sensitivity_20260907/enzoe/run_enzoe.py,14336,c3bd345cede05cf93dd9d647dbfaffa0dcfaa3e57eb7e096bf70578117f719ac,py
analysis/sensitivity_20260907/enzoe/smoke_batch_v2.json,9555,d2ded5a5473b22066d17532d13317a133280af5fb23c189366568122c780e45c,json
analysis/sensitivity_20260907/enzoe/test_analysis_enzoe.py,896,9f5888fe4b7870269b6f48172e6d83d0ed963b7d447f73c9d28884c517d3f1e3,py
analysis/sensitivity_20260907/enzoe/test_enzoe.py,890,2fee63d587fecc4f2391806c6a9a0cc1f92d4af7eba9b39ac18a6a1feb9041f9,py
analysis/sensitivity_20260907/extend_resolution_summary_v2.py,17141,dc6f4b60b241a324197c097903ba8e66e21e5f71a0be19f147e6e22c29060225,py
analysis/sensitivity_20260907/flash/analyze_flash.py,4822,72cc8adc8d09dc6b4633d9bbbd8c8e78ad0725829729103d8b5cf9403fe1d5bb,py
analysis/sensitivity_20260907/flash/batch.json,354655,1a19e2415f395fe2593499345dc0dd2f85c05a98efd96df284cadbd782f02bf8,json
analysis/sensitivity_20260907/flash/build.json,417232,b08cba1f790f2edbe3bb559da5d9a2ba960126aeef274e9c00e6dc4f32058420,json
analysis/sensitivity_20260907/flash/build_flash.py,3181,625fe3e184abcb7549d40d58e4384a69b0f74b640a0f3df34e448f9b2a77256f,py
analysis/sensitivity_20260907/flash/export_inputs.py,611,12dfc689d9783c7fcc09fd02aeec7589f0989037ee197487abdfd37357bda70f,py
analysis/sensitivity_20260907/flash/inspect_native.py,608,96ba4927106056871d0e10a707c8336592494b408982e4e3cce8c230815e50bd,py
analysis/sensitivity_20260907/flash/inspect_pair.py,592,d04f4cb0c99af342e37e05e52023e87cb816ed164b952f8adce1b29899226e58,py
analysis/sensitivity_20260907/flash/launch_windows.ps1,1032,69ecaaae00062bafe042fc3bad58eb7f9801133205a5ce510b7fa518cb2b5198,ps1
analysis/sensitivity_20260907/flash/mass_evolution.png,140775,ca2f21ad7f82a493ebbc3672e51ffba372d10b0752df93e24a623325055c67a6,png
analysis/sensitivity_20260907/flash/planned_inputs/L3_chi100_sharp13.par,1627,bf8ab6d3ecf513a88bf585ea7dc832b5c1a9ca6799ffe73fd880f89980ca13c9,par
analysis/sensitivity_20260907/flash/planned_inputs/L3_chi100_tanh13.par,1627,6e4a75c68c39abdc13f504b382f55c6eacab7416c56a2ee76d32fd082da525cb,par
analysis/sensitivity_20260907/flash/planned_inputs/L4_chi100_sharp13.par,1627,6212bfcb077fce7f0a87039b580493a7852489868e258142adb3b3106c45124d,par
analysis/sensitivity_20260907/flash/planned_inputs/L4_chi100_tanh13.par,1627,d244f669983b3cb3cdfef141f027eb105e1aca2c6ff91a76c3e7c716f62d760b,par
analysis/sensitivity_20260907/flash/planned_inputs/L5_chi100_sharp13.par,1627,c20df24241c155aec028b358c70af1726d3bc841d17202b780c0f57776a4ca94,par
analysis/sensitivity_20260907/flash/planned_inputs/L5_chi100_tanh13.par,1627,549067cc3c16ac95d4a26535f32b94447023b3f1a2f8bb49db71821cf87307e3,par
analysis/sensitivity_20260907/flash/planned_inputs.json,1397,567ecd71b8cba791fc2fde22470b3a3c696ca9997d2a58b92b98c054264d89b8,json
analysis/sensitivity_20260907/flash/publication.json,612,78dd69d09f7a1dcaa2a76af1f69129127902be20d237536ab05c06acd68976cd,json
analysis/sensitivity_20260907/flash/README.md,8296,50a0bb099c5cc59bab3b722999f0ff1f241020b81a26345fc7cba923e2e8c887,md
analysis/sensitivity_20260907/flash/report.json,176006,8c9b29abd130e39e26c81db04f8eb88a5f99acf08bacb4cdfb0f67c311be60c0,json
analysis/sensitivity_20260907/flash/run_flash.py,14871,7d5f9d2a461617e17ad70f990c676667dad990f553526b8010b4442daa64011e,py
analysis/sensitivity_20260907/flash/setup_validation.json,152,fb37ec3ec67574a4e93602aebbd865edae1da45510c3dbac8ae2a33a11cc2751,json
analysis/sensitivity_20260907/flash/smoke_batch.json,10412,d21d2913818557e8e57a0e93c5f276dbea50c9e279d26be7e458df1287cf59ce,json
analysis/sensitivity_20260907/flash/smoke_pair_strict_check.json,9888,b2573313e066ddac75277f16eee27051c0264e9fab3b024aee9b08cca3c9d80e,json
analysis/sensitivity_20260907/flash/source/Config,1686,24b2061be3a56584bce3a29d1ef5e1901ed2eb85e8834adc754ac026cf06318c,
analysis/sensitivity_20260907/flash/source/Simulation_data.F90,820,a3f3d14c48a1e20ab8ea36fc37e8f2de276495ef7c301a3738d8d4431a089026,F90
analysis/sensitivity_20260907/flash/source/Simulation_init.F90,1690,029d1d24233ba28b8aef89929bf2622d2903f48f483ee45706baec2f967238fb,F90
analysis/sensitivity_20260907/flash/source/Simulation_initBlock.F90,5243,aad2464da57d790f21950b49dc146dad4372c6079d90c9badbd98e363296cfb6,F90
analysis/sensitivity_20260907/flash/stage_publication.ps1,2290,ff460abb6bf6f72696639c55cc5fceb96cbcc22bf5a38733ca074b75d2cf0b14,ps1
analysis/sensitivity_20260907/flash/stage_results.ps1,1963,c642248a2e1c2725a725e739146f4053bc2cda9c2d9f1a39949cfbdfed24d014,ps1
analysis/sensitivity_20260907/flash/test_analysis_flash.py,662,f0fcec4a0b38bd472e84d9296f5f64938f1281d71ee7ec21470a85129e2e495f,py
analysis/sensitivity_20260907/flash/test_flash.py,2289,7e08d560ac7a55bb4a145e9fa73a2f7f4f789450bb232cd81efc2fb0e7ac9c50,py
analysis/sensitivity_20260907/flash/VALIDATION.md,2902,e26e17595cf4d3f4c10a073dfbffe79b68e7311ddc5c106e910acbef712a8b7a,md
analysis/sensitivity_20260907/flash/verify_setup.py,966,1fac4a3a23f62462cb05c05e29246355c9563ab264dae1c1751532f1865ec852,py
analysis/sensitivity_20260907/flash/verify_yt_smokes.py,553,148736c9a5f8b4daeec57b4e64622cf039a29cab1068655149222d9a8f99b5d1,py
analysis/sensitivity_20260907/flash/yt_smoke_validation.json,705,905ff59b944723ea9cf4c8afbdb94494cdca0efda94c46f74553c7827b32e7d7,json
analysis/sensitivity_20260907/flashx/analyze_flashx.py,4823,ef68dbffd6b58e79f220ed26b83874a8253a6b34489a34a588ab92a29d4335fe,py
analysis/sensitivity_20260907/flashx/batch.json,354017,dae662bf63c952bdfc55a2a0f621f60628d79d93c21d261ef2d66e7dca534697,json
analysis/sensitivity_20260907/flashx/build.json,359549,e93346e1ac4e7d078017e1301952415aa8a9912bc50c443b73749486734be778,json
analysis/sensitivity_20260907/flashx/build_flashx.py,3206,8af62080de929b44dfeab7b00ab533ad01d7578e9cc18b805c51f2992c118a63,py
analysis/sensitivity_20260907/flashx/launch_windows.ps1,1037,2d483d8f28d5f95df6e193ce7f9b9fcbc7c3fd6f0f77506fb85e0cc117688dc8,ps1
analysis/sensitivity_20260907/flashx/mass_evolution.png,140367,65a6afc6687e0186478128ecc90550a3a55df75c71ad284d013c12e09f66fd3c,png
analysis/sensitivity_20260907/flashx/publication.json,1313,92c0c12c5f4132cb6d1706682132951ee88fedffe48022c9e9451299ac96556c,json
analysis/sensitivity_20260907/flashx/README.md,7659,49ab04c4d34f45da3fd7071ae537c1b204d083ac108e6c8af4c61345dbea0a56,md
analysis/sensitivity_20260907/flashx/report.json,175357,e63ef0c1ae9df8945f506a6703ae6a9236ed396f9d31114c346777a8f18b4c13,json
analysis/sensitivity_20260907/flashx/run_flashx.py,15487,9ab0e90f326ee717b14d2b07b9e18c4c43cfa9a913d054960e527e832cce9c33,py
analysis/sensitivity_20260907/flashx/setup_validation.json,153,4a34dc0698e9ab032a413a2d2e9e309dc6e9f08ac53c7a55507285e4a2c0798a,json
analysis/sensitivity_20260907/flashx/smoke_batch.json,10749,13df9398bafda4ab00ef27966bc033cdb6570852eb819b4e8cac3cfe5060aac4,json
analysis/sensitivity_20260907/flashx/source/Config,1622,57f6ce43b679a1d52a13eead6ca07e8a8bbe21a1795f8f87a9ebd82908484286,
analysis/sensitivity_20260907/flashx/source/Simulation_data.F90,755,711b67cf20aeb745c32da2d081f9b972d5afd9d0de5cf78410e86a6d7c2c0780,F90
analysis/sensitivity_20260907/flashx/source/Simulation_init.F90,1746,c360094da9af0a326d2ef0e4eaa8fe01d0a0af7895ca0c839884330d07dc5804,F90
analysis/sensitivity_20260907/flashx/source/Simulation_initBlock.F90,4750,f71a66866d09aba2ec7dabfb9180eab85b6238196d43c9c8d80739a0a2de42b3,F90
analysis/sensitivity_20260907/flashx/stage_publication.ps1,1714,022448162186370a35a000e6fd26ad509757761e87236a410b45083d19028490,ps1
analysis/sensitivity_20260907/flashx/stage_results.ps1,1967,daac359dc7d75444c5fa6265e232764583eec28abfbd2eb98d4e7edf0816ef35,ps1
analysis/sensitivity_20260907/flashx/test_analysis_flashx.py,663,99e61fe1feadc844771e2f82551a14c988e757c21afbf02373a0fe6a87307fbe,py
analysis/sensitivity_20260907/flashx/test_flashx.py,2392,f789772ee232e6aac19f95b64dfc01463b10826d441abd67fa3b29e1796a90d9,py
analysis/sensitivity_20260907/flashx/VALIDATION.md,2180,3ad40306ba2219c7bdfbaacc5d656f0241ef549997476707a2988b5066550d1f,md
analysis/sensitivity_20260907/flashx/verify_setup.py,967,88ad9b82e4d652f05cb7fcd8911499738fc8643495cae37f084b31474c653647,py
analysis/sensitivity_20260907/flashx/verify_yt_smokes.py,555,dc0f5bfd57c9656a9743136d1763e08f14cfd20fec54dee7689c09e085403f87,py
analysis/sensitivity_20260907/flashx/yt_smoke_validation.json,743,7b3644b058c434f5e4d6e780f1b1748c18e938ff85d33dc064d9da9abf1c5a7c,json
analysis/sensitivity_20260907/gadget4/analysis_levels_v1/full_l4_batch.json,238962,eff1b8eb655ea6756b225ce1078267dd735c05513335cae343d32cd34585aa51,json
analysis/sensitivity_20260907/gadget4/analysis_levels_v1/full_l4_plan.json,8490,a66c291cdaf6858a0c69560a47ed137f5d026e85851af205134b5cb0d67bdba4,json
analysis/sensitivity_20260907/gadget4/analysis_levels_v1/mass_L3_L4.png,267584,5543bdf4da87fc3df24af908dcaace707c4b7e1bdd4bdec3504a50bd7710028c,png
analysis/sensitivity_20260907/gadget4/analysis_levels_v1/publication.json,7350,e681f1153593f8d94499f422b98fc54494c3312b56c2b66f780558c5bbfb0476,json
analysis/sensitivity_20260907/gadget4/analysis_levels_v1/README.md,5883,b0ee26e1eabd6ae4498df03566254a1f34eac417d3cd37468028a5f0e1fcb8d8,md
analysis/sensitivity_20260907/gadget4/analysis_levels_v1/report.json,509729,6051130072ab4c50fc3712de6b449bb1951649d709288e3d55524172046bdfe3,json
analysis/sensitivity_20260907/gadget4/analysis_levels_v1/validation.json,557,0dcfbd5c6bba064dfd10f23cd37e43875aadfc10f9abc47648a9ec30ba5d4e86,json
analysis/sensitivity_20260907/gadget4/analysis_levels_v1/windows_readback.json,704,87ffe93cd946430f144ff43a100d30783c4964a598a581a97e364f964ebee3c2,json
analysis/sensitivity_20260907/gadget4/analyze_l3.py,5783,d9f23af23105d01f86af7aa718b4ae1a0ec3ffc9ec60acb927ae9411959db647,py
analysis/sensitivity_20260907/gadget4/analyze_levels_v1.py,12600,ed27c09000845f322a87a31154f9e4b19769d649abe3e2fbdc2ed3602b4301fd,py
analysis/sensitivity_20260907/gadget4/audit_native_times.py,2383,8f9f9827fb61feac9fd8545780620f58fcb2e235e912bcc434cfbcd8d7e54493,py
analysis/sensitivity_20260907/gadget4/audit_render_duplicates.py,2320,246dd68fca6458cfec03ce65cca3ce344276c97dbe45ffb21be044b808a6e72c,py
analysis/sensitivity_20260907/gadget4/build.json,4860,61fb3bb2ea56f6fa96347ace74d795987e4bdff7cb3abc98ceda5cecc93bf041,json
analysis/sensitivity_20260907/gadget4/Config.sh,259,b7647709518b7eea5de63372b4eb81cd879c9e0c32134f0a7062a8e44658a257,sh
analysis/sensitivity_20260907/gadget4/experiment.json,664,2927619117202ecea7d44acbd1648b73a6f1e8fb592bd20f57319acc125d9e29,json
analysis/sensitivity_20260907/gadget4/freeze_full_l3.py,1813,c5ac7352fd18c7e62dfaf9f91742bfbe85db3f23982be50e69cf1c9cddbe09f8,py
analysis/sensitivity_20260907/gadget4/freeze_full_l3_v2.py,2283,64ba53033aee75054d4c7a4ccde0b80e0900177ccd5e762bb36d936801cc5e01,py
analysis/sensitivity_20260907/gadget4/freeze_l4_validation.py,2100,98290629fece4a95c66f0c5ffd7702bbe7ea6547b22339e9ea8865c8ba922b13,py
analysis/sensitivity_20260907/gadget4/freeze_l4_validation.v1.py,1555,6c3177b47f1e5b53d747c74e7018a82c8754a86cb7fa064c20808370e065fd31,py
analysis/sensitivity_20260907/gadget4/full_l3_batch.json,233767,ec2d7bbed1577683d4c61817dff7acef155b70b815fe07c18eb2ce3876b55c0b,json
analysis/sensitivity_20260907/gadget4/full_l3_bundle.json,2617,2874d0ce88cde726c4827188cd83ca254de3338dd6b797c7be1db127a1583b22,json
analysis/sensitivity_20260907/gadget4/full_l3_v2_bundle.json,3239,ed94ec0f695deb0094759d1328f688ce826f81da745dbce191e99a3673f9157a,json
analysis/sensitivity_20260907/gadget4/gadget_controls.py,12342,fc3d8e79f2ed0f1c8aafbaea57d4c01286f96a8a891261330428c26e9b37de58,py
analysis/sensitivity_20260907/gadget4/gadget_l4_controls.py,14083,7319681b1925bd9c57cb10578e4ae141f58d09a1fb4e5b3c5f2947ea4e420458,py
analysis/sensitivity_20260907/gadget4/l3_report.json,234958,d6ed96d014d3f2c667c5276d15f81079fda9183401ffad11e413c22700387e22,json
analysis/sensitivity_20260907/gadget4/L4_DIRECT_STORAGE_PLAN.md,4444,12714dbadbe78122ff466b751e7c02fa9f56b4d5d84375591a11b6f8be4f7e20,md
analysis/sensitivity_20260907/gadget4/l4_publication.json,6314,6a72113106da59cf97f6b197fe9500c8e45bcf58ef6a6a85257987ae561d236b,json
analysis/sensitivity_20260907/gadget4/l4_validation.json,18863,93ff90568d163636204df77aee7b7497c1f3f07980044808da50d6190cc20e21,json
analysis/sensitivity_20260907/gadget4/L4_VALIDATION.md,4934,09c7239c31c90a44c289fd6630484e6cf27fcb022e346da3bba50cd6fe5fb636,md
analysis/sensitivity_20260907/gadget4/l4_validation_bundle.json,1845,9cd68cd2a6d42ad29b7ef925a2f6f799134ec17e3a7d066ecad2089baf69b173,json
analysis/sensitivity_20260907/gadget4/launch_full_l3_v2_windows.ps1,1975,a24751d875ef29642f15351c51aa416c79c99afcf3db5eb1249eea5e91c1b13f,ps1
analysis/sensitivity_20260907/gadget4/launch_full_l3_windows.ps1,1903,56386fba40435ee284ebd83b26a2fbb6ee9bd75cec1b9bbd98173d7974e8094a,ps1
analysis/sensitivity_20260907/gadget4/launch_l4_direct_storage.ps1,3671,f40ffbdfca3dbcc80326c1d8d10be5af0a35723533052a9b5bc73a00a9ae7db7,ps1
analysis/sensitivity_20260907/gadget4/launch_l4_validation_windows.ps1,1924,4e82c79da1f9488f90fd5c697ebe6d0ea86adce6d1c7cb0f0b6d3bb7cf652ea1,ps1
analysis/sensitivity_20260907/gadget4/launch_smokes_windows.ps1,1822,0224f12609daaefc88521018afd0f3d06126dde8c5f12a3c1d0820855b9e92f9,ps1
analysis/sensitivity_20260907/gadget4/mass_L3.png,99573,5d02975c2527af975a558812905fad07a866fe4a3609b1fe7e6bd0ab01b63a25,png
analysis/sensitivity_20260907/gadget4/native_cadence.py,2312,16366499d38f2d5690b86d5df01a5d797493f87651d2e19d687d1e9a65075669,py
analysis/sensitivity_20260907/gadget4/native_cadence_audit.json,25145,46be9fbaba6a1cca58dd454e6bdc4ab4874173f79370cd3553961b1e44f3d2d8,json
analysis/sensitivity_20260907/gadget4/original_stopped_batch.json,561,d0674633b6ddc895c6e5ecbe70c53fcffbe40b93065be668200c5b6279377153,json
analysis/sensitivity_20260907/gadget4/params_L3.txt,2503,d8cbe52a487721f1d002f85250df6d83254200365d89c6dc0856a2517112ab4b,txt
analysis/sensitivity_20260907/gadget4/params_L4.txt,2505,7d4fae2eedbeae4c3217edbff5b6c24f30306843c1c46127740b4f6e18420851,txt
analysis/sensitivity_20260907/gadget4/prepare_l4_direct_storage.py,5748,31ae56732c188446ab803c29c4508391475511a122831a170c7d26372c22df11,py
analysis/sensitivity_20260907/gadget4/publication.json,14894,77e08618b5a846de831dcf4834bccb11e53405c1c3e2982e78054b3da33264a9,json
analysis/sensitivity_20260907/gadget4/publish_levels_v1.ps1,7324,bc0d03533d61e83587240f5ca77e7d0842319c333bff79fca0e1603810342f08,ps1
analysis/sensitivity_20260907/gadget4/README.md,9730,3fb4cc6f192b6b4937c4ae83ae76fe4eb8fdd089a28f0619d6bb00e4e2629660,md
analysis/sensitivity_20260907/gadget4/render_duplicate_audit.json,816964,9c82f93e423a16121e53f70077958e93c4682a14f454626867f9050e966f18c9,json
analysis/sensitivity_20260907/gadget4/run_full_l3.py,10266,fcc3d0cd81436da96ff6d969eed8988cc44b06a726acd618b675b09a745c022b,py
analysis/sensitivity_20260907/gadget4/run_full_l3_v2.py,9892,9d9337be1e73385c6076030f5ae13cad2f568c113fe563582302c2398718a144,py
analysis/sensitivity_20260907/gadget4/run_l4_direct_storage.py,13030,19949877defff0868f31d78d7db635c93f8fce83f2d7128a283eab6a41996329,py
analysis/sensitivity_20260907/gadget4/smoke_batch.json,7039,4613f3e7e458d4a5e60ed7fc0b97f4d9ba4a83abd71fb8ef89491e598c9e957c,json
analysis/sensitivity_20260907/gadget4/stage_l4_publication.ps1,3141,10434a8d18485eb915e15c2b06db3551759cb07a12f6ebf8de72dc8b97c1e3a6,ps1
analysis/sensitivity_20260907/gadget4/stage_publication.ps1,3102,02b225c4e241681c1f8d4cd90c7e8cdc2c0e1379a0c1fffa50ad364479cfa5ae,ps1
analysis/sensitivity_20260907/gadget4/test_analysis.py,797,c9756dc59fdade157ddef8cac756d8f08bb9f9b1e9e4f8c6e1fbd8d17577143a,py
analysis/sensitivity_20260907/gadget4/test_full_l3.py,1579,0e07feea2c1aaa9d5f8f3879da7a83e6a60e263cdd8487e8d402609e216d001e,py
analysis/sensitivity_20260907/gadget4/test_gadget_controls.py,1357,ac7cacabf893ccb9e4fce2f7f30541eaa99b95677e94dd5e59dfc7a7cb3a1d44,py
analysis/sensitivity_20260907/gadget4/test_gadget_l4.py,2507,4eae00aa2b2028808c6cf1994fa8aea38db50e6abf050c1b5344cedce647822f,py
analysis/sensitivity_20260907/gadget4/test_l4_direct_storage.py,4102,ee2923581c60ab87a7ddaf37d94efe7ccb8db7ed96611cee7295f166ce134fc5,py
analysis/sensitivity_20260907/gadget4/test_levels_v1.py,1856,4d01447db7b6f3613015adc6749b720ea10d9f11802e1d88832faeefa56a86d3,py
analysis/sensitivity_20260907/gadget4/test_native_cadence.py,1359,c79bcac43d3875564fa5ca9d0602e027dcc5039da08b10d0122664d329c369d0,py
analysis/sensitivity_20260907/gadget4/test_verify_gadget.py,1294,b95f2a4f01e28e688205c8dd5f3c2d67761448f2d49a67a5488ec9d785591f84,py
analysis/sensitivity_20260907/gadget4/VALIDATION.md,4474,8db90b9a149a12c70b527614d9f2293c97e4d26d8b29eaaec1e1e317354ec3f7,md
analysis/sensitivity_20260907/gadget4/verification_v2.json,8630,7216ae49f6d4a584dda65cc94050725573b5f94329caf8fdd7797e5cb894dde7,json
analysis/sensitivity_20260907/gadget4/verify_gadget.py,6339,ba0ec9324039140804647e436b9142759afd64acc45a0a3f02257e7aa7edf198,py
analysis/sensitivity_20260907/gadget4/verify_gadget.v1.py,5864,3897aaf6205ca65274e1a0d6a8b4ac8638fc17627cc7d95797b7cb10bb0c25f8,py
analysis/sensitivity_20260907/gadget4/verify_l4_publication.ps1,3646,871acf58c40131944262621449c54d61353ad139567585ca4c0daecd1a5d82d0,ps1
analysis/sensitivity_20260907/gadget4/verify_publication.ps1,3676,477c5700ab7a83d5461751e198e45d24877bfb94ab322824e0bc36eade758ccd,ps1
analysis/sensitivity_20260907/gasoline/.gitattributes,77,be6697fb11a76b1438dfc42f7a53be9687d965644435b4067bf78a61e9e61b58,
analysis/sensitivity_20260907/gasoline/audit_instrumentation_differences.py,1302,079cd98a3a54131001a1489171029439ae48490033fcba0639df1f41704c351d,py
analysis/sensitivity_20260907/gasoline/audit_native_repeatability.py,3874,fae687397c4a9cb312eb334cd31cab224cabe57f3a197be137f2ce10f850f539,py
analysis/sensitivity_20260907/gasoline/build_isolated.sh,656,522a65d75022140a905c6fa145a4141b5226b02f85b9827c65c2dcbd682ad06e,sh
analysis/sensitivity_20260907/gasoline/build_retained.sh,675,05e124669e2ded5c8af2da1eb114bd6473601c1129097a0bac72e74677e0c382,sh
analysis/sensitivity_20260907/gasoline/compare_force_order.py,11567,b2be1dda4fe1bca2e0415d81d28b4917a7b5630b686e9c47ff19143d4da158c1,py
analysis/sensitivity_20260907/gasoline/copy_manifest.json,51823,dbb1787832435e1817a70d78b8673fdc466e262681ee78461d383fe0f09245fe,json
analysis/sensitivity_20260907/gasoline/divergence_publication.json,3933,c032835f0ce35dca84ac77d0cce28165ab40054081e1230d3e2f548b25729b9f,json
analysis/sensitivity_20260907/gasoline/divergence_review.json,678467,96ee1e31635feae95674bd4777a0d9e5badc288a860112cb86dc40e6ef8957b2,json
analysis/sensitivity_20260907/gasoline/DIVERGENCE_REVIEW.md,6494,72cef586e754fd1c585ac7a45b29d5673e43724a10acb3aa09269dc55cec98bd,md
analysis/sensitivity_20260907/gasoline/DIVERGENCE_REVIEW_PLAN.md,2998,055f3fab4a901a28652e96b5b63b60eff7660539cc2cb76e36e65cae56339fd3,md
analysis/sensitivity_20260907/gasoline/execution_2rank.py,11041,7c81428bfe80ecddd2b1ac54bd863e1dd198c02cad47b732f7a4dd4a3f158137,py
analysis/sensitivity_20260907/gasoline/force_comparison_plan.json,1825,a58caffa967caacc54329994fa0383e0e7cfea9d896f39d1645c1f90793ab051,json
analysis/sensitivity_20260907/gasoline/FORCE_COMPARISON_PLAN.md,3060,b463d03e6488d6d74e0117456c3173a1db29fd6f9186427046636ecd75ffb258,md
analysis/sensitivity_20260907/gasoline/force_comparison_report.json,5889857,5c78fd85a3f5dc35800443a200955a883ecd97dce512b1bc7af665c48c66f7ef,json
analysis/sensitivity_20260907/gasoline/force_comparison_review.json,7223,a20b4b4a746a83d701bd528e1958c40eb287321a4c5b988d2d6e8f6c3c1c453b,json
analysis/sensitivity_20260907/gasoline/force_native_build.json,20166,b50b5d18cf20f629a46cfa83e6ae84a41acd11505e69da92ff21e7bdd5f93029,json
analysis/sensitivity_20260907/gasoline/force_native_plan.json,29888,464b45b773fab6d2af9cc8922c58fc577ca721bee8d04064af65b916cd74579a,json
analysis/sensitivity_20260907/gasoline/force_native_report.json,52891,94ed097aa774b930c065bb1710d2c4f4f9d4cf618adcf09c52b23debf8822b97,json
analysis/sensitivity_20260907/gasoline/force_order_publication.json,11351,9086a7b1424ed1567ce3ab29dc7aaca0223009f42ddf75312bec6ae0a216d2a2,json
analysis/sensitivity_20260907/gasoline/FORCE_ORDER_RESULTS.md,8980,ca4ca383ec6092c5e4578dbde58bc5dedf96c93c001d5898b7b15c57e41c8295,md
analysis/sensitivity_20260907/gasoline/FORCE_ORDER_TRACE_DESIGN.md,7252,206c52397109d2461b5757967e485ebc64432c07d8ea7d9558063af568f5da63,md
analysis/sensitivity_20260907/gasoline/force_trace_core.h,3811,fcfc15450b8a82bc2f0a94b70b807396471f81ac16748da69750eccc95216ca3,h
analysis/sensitivity_20260907/gasoline/force_trace_core_plan.json,2034,1b35716e8d781253aeff19bc61f826065593cfde3192a6a41982e3d1df77ea2a,json
analysis/sensitivity_20260907/gasoline/force_trace_core_report.json,3269,69100849bf2cd4423d6f91bfcf82e887a87bff62bc1ffa4719ad8118eed772cb,json
analysis/sensitivity_20260907/gasoline/FORCE_TRACE_CORE_VALIDATION.md,3251,41c822191337b5d4069ad9b6d38e4abd7bac33d2fed48be9e91a06846bf53c51,md
analysis/sensitivity_20260907/gasoline/force_trace_native.h,6754,650f3fb46a5e5550aa44387a9dc98adeec9be4f97b877be24dd9e195cc9cb99f,h
analysis/sensitivity_20260907/gasoline/force_trace_replay.py,8694,4d5a510dd2cc3332620523696fcaf471f3fb80072e121a8bd7c5b94a414642ee,py
analysis/sensitivity_20260907/gasoline/freeze_instrumentation.ps1,2416,209adf3c68ed809f343f0683f354d26e7c082d0e29baf207b36ba53aa27c8f14,ps1
analysis/sensitivity_20260907/gasoline/freeze_longer.ps1,2932,84b2f4e75fcb98cc0edb6454eb5937f83e772e56397ba91fa996f318c0cb8e3f,ps1
analysis/sensitivity_20260907/gasoline/freeze_longer_v2.ps1,3123,8885cec51ae24fce7da551d940299df3fbc9bfb4577b1881cc6539469e1c8597,ps1
analysis/sensitivity_20260907/gasoline/gasoline_controls.py,10977,95d6137bd2617280316a6dfdee0276d252ba8ee1fdac51efb087ad41e0cf726a,py
analysis/sensitivity_20260907/gasoline/ic_preparation.json,2475,1b828384266033e2e2c1d51eb81e3ad9f01e610e5eadcd52acfae1e16f0b8f25,json
analysis/sensitivity_20260907/gasoline/instrumentation_batch.json,5281,ac6650a5e3ffe5a576c9580ca6173e66a5e6f67fb9ee423f652e3bd421e1e765,json
analysis/sensitivity_20260907/gasoline/instrumentation_bundle.json,23890,b06cb0bd6ebfb458b4d93281d7c20f50e369181ce608fe687d504d2448aa29cc,json
analysis/sensitivity_20260907/gasoline/instrumentation_difference_audit.json,8657,9308099edaa97ed479beb137c7ad851bca26b9e00aecb3878458aaa742b8793c,json
analysis/sensitivity_20260907/gasoline/instrumentation_validation_partial.json,16775,c44315496aefc69567463b135781183ed4849f450f3e0f1096506933fb423425,json
analysis/sensitivity_20260907/gasoline/launch_instrumentation_windows.ps1,1701,eef906df93b34447d284dffce2bd81c724fb16781039b1794759ca216c202878,ps1
analysis/sensitivity_20260907/gasoline/launch_longer_v2_windows.ps1,1729,501e14e01fcbb904a112815c2dcab5eb4f9202827e78acf9501530090ce79775,ps1
analysis/sensitivity_20260907/gasoline/launch_longer_windows.ps1,1653,12045a807bac2dc30fa9ee02261ade53f2b4047df8ace14c860dffaa7a41df3b,ps1
analysis/sensitivity_20260907/gasoline/launch_repeatability_windows.ps1,1347,ccf3028f9f1bcf0ae5a828d5e3008c14a9e9be163b515325947378cfd463d615,ps1
analysis/sensitivity_20260907/gasoline/longer_2rank_audit.json,403310,3329dc075b9873cd608aa7a0ff9533ed4215c65145cc573c92190b3a23d544ff,json
analysis/sensitivity_20260907/gasoline/longer_2rank_bundle.json,48639,8240dd24d5ba6d8378c9c3c611d3cb324f4e878117c87c03911f431fed3d5a17,json
analysis/sensitivity_20260907/gasoline/longer_2rank_review.json,7938,cf3e6649b73a3254015f4ec4136f09ff9c29d2b4498860930de1e94b28759686,json
analysis/sensitivity_20260907/gasoline/longer_bundle.json,48301,4177205780ec3c4b58a2a57222ef20a3776cdac285f1c9db1a8bea7d92d709c3,json
analysis/sensitivity_20260907/gasoline/longer_checks.py,6592,036ceacab0d208ad6d54b8a31b0312ff6bcd66b67a7248c41ca7668225df56e5,py
analysis/sensitivity_20260907/gasoline/longer_checks_v2.py,6712,7051bbea0b83f1e5642ae0d2a60b6becd49342201d66253190a523905da9d942,py
analysis/sensitivity_20260907/gasoline/longer_publication.json,10515,f2fd1f71c97043592e006a1500c014823a0a45762faa5c6443481af5dd9011b9,json
analysis/sensitivity_20260907/gasoline/LONGER_VALIDATION.md,7816,cc54f0c28e506721f573569d0fb3ab575e32cbd634a3ebef719d520c74c65d32,md
analysis/sensitivity_20260907/gasoline/LONGER_VALIDATION_PLAN.md,4535,e2ff33e84b9df9e9e85462d84690274f0e42a115b27be2c4adb52fdaa4f2ee84,md
analysis/sensitivity_20260907/gasoline/LONGER_VALIDATION_PLAN_2RANK.md,2175,9983d91c52bce9717e1b1ef9fd4103f162427a6a2fc0c8a40891912aa88e6741,md
analysis/sensitivity_20260907/gasoline/prepare_force_native.py,7166,be2a493c1ccc6fe4f6fb243ad8b5fc689ea95df5c0338daf4835a06c00a973e4,py
analysis/sensitivity_20260907/gasoline/prepare_force_trace_core.py,4973,271e830ceccc8e80df014782c242256830c847585b26beb00a5250fa925e1ff8,py
analysis/sensitivity_20260907/gasoline/prepare_native.ps1,2889,b1a5e96f0487e032f916998af5d21840f01cd489824a7561627df3bdaedd0ca5,ps1
analysis/sensitivity_20260907/gasoline/prepare_retained_native.ps1,1328,91ba3f644bee130619987885b0b3e8242d092cf2262142f45fdc8f3389cb0460,ps1
analysis/sensitivity_20260907/gasoline/publish_force_order.ps1,7448,55ce8defa8a5213c47d4472c695a94032f5d0d9d72c7f4f09b697da675d48d1b,ps1
analysis/sensitivity_20260907/gasoline/publish_gasoline_divergence.ps1,5367,1fd511508f093ef993eb465a90439c670fd63f70c6a6e6ce3b6125c4195f0c0f,ps1
analysis/sensitivity_20260907/gasoline/publish_serial_observer.ps1,6260,18f80c33fca5fa70ee6dc20ea2063e9c1ff9ea85db820552431b092956a863d0,ps1
analysis/sensitivity_20260907/gasoline/README.md,5225,73df268225b6c9c315deeebe0c9a5c26dc88a1babef57781101f86a5345edd9b,md
analysis/sensitivity_20260907/gasoline/repeatability_audit.json,17830,b26dbfa39c8571b172d58b74bd9138d4f80b40e6ce724921301bc82cb7b0d665,json
analysis/sensitivity_20260907/gasoline/review_divergence.py,16513,d7e3c0df7ccd35dec1ade8f38496e81046c55c6df1f6689066b41b0b76203916,py
analysis/sensitivity_20260907/gasoline/review_force_comparison.py,5911,5345fa462eb658a6b4840917fa2bb22af36c068c1284e763c1b8b0197d84cbfa,py
analysis/sensitivity_20260907/gasoline/review_longer.py,7182,3d704f4d807ea7b837ff7b74e76ae792b0c83e78e7fa70ab28dad8b0d7067413,py
analysis/sensitivity_20260907/gasoline/run_force_order.py,14009,056613524bf2813795ebde5926fe273be0e4391b8dd92386cd176ca3be616316,py
analysis/sensitivity_20260907/gasoline/SERIAL_OBSERVER_PLAN.md,4155,edadba9191bce6bf435573de44bb6ec7eaee246790d8aff14e0719d1575b6a24,md
analysis/sensitivity_20260907/gasoline/serial_observer_plan_v2.json,42946,5c383a4772b36252bf8edf79ef66affea3a4e67b74973df66146d416c07d9c79,json
analysis/sensitivity_20260907/gasoline/SERIAL_OBSERVER_PLAN_V2.md,1564,b4eb12e57f0a18d42214af133a099778da90ca4feb83913c2fc41a0efb94c501,md
analysis/sensitivity_20260907/gasoline/serial_observer_publication.json,6317,c1ab7ea4cdfadd6be33d0b172928e56bc7151ce1cb02904c77945e75a2fddeaf,json
analysis/sensitivity_20260907/gasoline/serial_observer_result_v2.json,11089,bd196f0028d551e22cfbbfe6673c85d8ba29cb51f236719b04dbfd7ba83057af,json
analysis/sensitivity_20260907/gasoline/serial_observer_run.py,14093,3b1462b79391a74d717cb5691285c6fd7fcca88c6dc34bb3902f65487b8a95e9,py
analysis/sensitivity_20260907/gasoline/serial_observer_run_v2.py,15873,28efca1ac4f22a061107cb76ffa6f790e8fcd7fec7ba3760420014f6d461681f,py
analysis/sensitivity_20260907/gasoline/serial_observer_v1_failure.json,151,0c2d4a74d821b3f47002ae928a1cb189e93a581841a4e565493696c05d66a637,json
analysis/sensitivity_20260907/gasoline/serial_observer_v1_native_result.json,4403,bb138a82a21913e2fc780864caa6b7183c9a55e8d8c499833f6890954340e4e9,json
analysis/sensitivity_20260907/gasoline/serial_observer_v2.h,2006,b5c465801bf8827f0d87a2f9ffe7a61d7e48ca0fa57fb2abc96d0276ec808728,h
analysis/sensitivity_20260907/gasoline/SERIAL_OBSERVER_VALIDATION.md,5725,a2767965968140583b715cd978bd72d2e1cf6dfce6aa79df8fe0d479c198c3e5,md
analysis/sensitivity_20260907/gasoline/stage_longer_publication.ps1,4212,b8fe008717594cf997fb0c4d5c6dbe030ff19b528eb93be93fcd572cff47493e,ps1
analysis/sensitivity_20260907/gasoline/test_compare_force_order.py,4247,045d5105ea9c730028786fa59b7c5974540374c9c7d765f6f04a0bb232aebc02,py
analysis/sensitivity_20260907/gasoline/test_force_trace_core.c,1936,a03800c3a2d1dbe215fffde7bbeda04da92f2ae719b4c2ee35ebbd80837d14fc,c
analysis/sensitivity_20260907/gasoline/test_force_trace_native.c,2763,2a1382acc59f2762796c941275e96cd7040ce08c9e82a237cef154c59635f518,c
analysis/sensitivity_20260907/gasoline/test_force_trace_replay.py,5322,02b7301d6071f69be0672d13b194f7b52b3773d636ccd7e9ac689c52785b3ff5,py
analysis/sensitivity_20260907/gasoline/test_gasoline.py,2139,c3bd874f9bf73c13d71f58d3b7dd13adc98af80e871ba3ef72c1e35ff24376a7,py
analysis/sensitivity_20260907/gasoline/test_longer_audit.py,1215,fe6b04933c92f575dc38987d450293e8d358edbf3ee5cbc182e23ca4ff8e856a,py
analysis/sensitivity_20260907/gasoline/test_longer_checks.py,1235,aa60c0594dd33e67daa72a6cc11bfb7ac87a5b7150cfa58b389f159e1b8a4df4,py
analysis/sensitivity_20260907/gasoline/test_longer_checks_v2.py,1427,40b5828540feb3c03d3646bf6b25d4e5d1a8fffcb7e1df575509328b78a73273,py
analysis/sensitivity_20260907/gasoline/test_native_repeatability.py,1970,4abedb39899d450f603b4b38be9889bc1992c4fd42c2aa7b5480d876f1828917,py
analysis/sensitivity_20260907/gasoline/test_review_divergence.py,4299,77071e70c59d9555e39a3d1e549b9fa6a1493ce850ace1c8d8ac70f6de9b5071,py
analysis/sensitivity_20260907/gasoline/test_review_longer.py,2318,f9cc8d3e74d0edda59ff22a4dbe8dd0a0db210d792fd4d81bb2b293fcb1b169a,py
analysis/sensitivity_20260907/gasoline/test_run_force_order.py,1616,6ca3fda60d2ee9fd43af30b56e3de1e22917c0496d679e6a357243840f147767,py
analysis/sensitivity_20260907/gasoline/test_serial_observer_run.py,1883,ce7e3975e28b097c17ee7a67661ea88ceb2eee7b89d7d7278c853156f22208f0,py
analysis/sensitivity_20260907/gasoline/test_serial_observer_run_v2.py,2497,c0b691611a74a689eda03a4f85d5538a02895c7b2cefb6714ce2b07fcbafe65b,py
analysis/sensitivity_20260907/gasoline/test_serial_observer_v2.c,1148,1254ecca5556b9cec2bd34dab9889691d0a83e099412acdb77c29fc482f455bf,c
analysis/sensitivity_20260907/gasoline/VALIDATION.md,7188,2bfbefc380f9db42b96bac0425c534677d6c28ec411369ee36ead4b3f491541a,md
analysis/sensitivity_20260907/gasoline/verify_instrumentation.py,7761,f315c92ffc613e48e61286e4bc532103cf4e4f7906b9c6027adb9c7430513c4e,py
analysis/sensitivity_20260907/gasoline/verify_instrumentation_v2.py,8566,eed88aa0f2c2e23840bd17fc50fe5abd57a0cdf6fe098fefa63bdacdff8faa9e,py
analysis/sensitivity_20260907/gasoline/verify_instrumentation_v3.py,8554,2f07044b93a518e9c743fc67cddba3ac2606618bcf29dca4e5cf220ea58fec92,py
analysis/sensitivity_20260907/gasoline/verify_longer_2rank.py,6832,ae843fcc2ddd895b5efca377036ae514a895c090dc041e2e734c694f64353285,py
analysis/sensitivity_20260907/gasoline/verify_longer_publication.ps1,3804,f9daa082c203f3d20a85b205f3e66acf6218df6f37e4f39d07c6e0b2c5363362,ps1
analysis/sensitivity_20260907/gizmo/.gitattributes,1878,e3d9c37603692cbe650c745f01ab139e89b77498392ae7d7c930fcecca1563a2,
analysis/sensitivity_20260907/gizmo/analyze_mfm_l3.py,3866,269a326ea807a33e4454286e774bbde8cffa24c5535a398bb607c9e878ab9cd1,py
analysis/sensitivity_20260907/gizmo/analyze_mfm_levels.py,8923,5fedc56695eccea5e947ee196c8d9c07ee78a92877b477729a7e50b4654c99a3,py
analysis/sensitivity_20260907/gizmo/analyze_mfv_levels_v1.py,15581,a6da75d16d6de583189ccf50632f764c673c6f57876ff1ae86fd702487cee55a,py
analysis/sensitivity_20260907/gizmo/audit_mfv_pair.py,5990,38fe27a7f86bea56a096fbb9b66aa989de443840836eeb2148b706f322fca163,py
analysis/sensitivity_20260907/gizmo/audit_snapshot_timing.py,8534,6d456af60ab166128aad5ed380ecc17a6f1d5cb180ede976b98da3f6311f5e31,py
analysis/sensitivity_20260907/gizmo/build.json,3890,a23e103cbd5df1849386578246cf635d42b3d60ae174ca4e227b1961e59c0f94,json
analysis/sensitivity_20260907/gizmo/build_mfv_repair.py,7125,2f52ff23117488111b856362d1a61f8122c492515d7266e931622e91cd363d5e,py
analysis/sensitivity_20260907/gizmo/Config_mfm.sh,89,ef389556cc732c84f3bf72450547b827e86dc53d2cb78e2fb3a9c1657e4aa558,sh
analysis/sensitivity_20260907/gizmo/Config_mfv.sh,91,6ce161fe2bd5766c7abfa82536fe35e1168c81562c15c9f5bf5132575e671f3b,sh
analysis/sensitivity_20260907/gizmo/delivery_validation.json,1538,c3c51766a28a94c57c8c9491700c3b2664136aa4bd753398ae5756294a18df09,json
analysis/sensitivity_20260907/gizmo/diagnose_mfv_restart.py,16476,df5a3f097c7f4c6cdd04d80036316f99e202f9d7c9c46f5ab131763d71a89e94,py
analysis/sensitivity_20260907/gizmo/experiment.json,789,dfe611ff0aaf0b766d4ddc405871427159aa37093fe1cbee7d6e4b53b4bbdd4a,json
analysis/sensitivity_20260907/gizmo/freeze_full_l3.py,3283,2cc32cb7d4ee4cd5feb870478392ff04ce3b8de3e17ca40abf64ba7b9acc7599,py
analysis/sensitivity_20260907/gizmo/freeze_mfm_l4.py,1668,366427e889d869e88fd08b1fb414c62537e8fdfd034fa57a3209759587aaf162,py
analysis/sensitivity_20260907/gizmo/full_l3_batch.json,143641,82d1f2fb6c79a43944c06e0848ed5bcdd0ae579c1fbdd17795660c5c16c2c128,json
analysis/sensitivity_20260907/gizmo/full_l3_bundle.json,2143,7a9b27720775b1b22aed1a1067e966331f869a1524dae3b05e1e9f3324388281,json
analysis/sensitivity_20260907/gizmo/full_l3_preflight.json,3103,690c94ea72dbb5fb0f4750ea712b8aa6806ecea6606e6e319622618382b77bf4,json
analysis/sensitivity_20260907/gizmo/full_l3_tests.json,172,0369e834c03a8976fa9a1486a6e5084efe4b88ca93b6833727db99016d4a3e45,json
analysis/sensitivity_20260907/gizmo/generator_historical.py,13629,b8bec842eb6b12773fa094187606bebd23205e39d89e28b1eda96b7f627f6a54,py
analysis/sensitivity_20260907/gizmo/generator_sharp.py,11169,77206f4786b1ded804de004c6c261273bd85f1f048d61c3c5335cd1eeeae5cdd,py
analysis/sensitivity_20260907/gizmo/initial_recovery_diagnosis.json,2933,79380594c5cb8110f78b87cdb229d274483afcfedb5e621e5b44a6ca81b7bbaf,json
analysis/sensitivity_20260907/gizmo/inspect_initial.py,814,8496c9ddf96b22f6296568f1869a09e296b2baf554d82e7adca709a5a290140d,py
analysis/sensitivity_20260907/gizmo/inspect_mfv_fields.py,1754,ed34bab4beeb231663329a2af36f37f2b9991b6c787d5f5600102a3c27496141,py
analysis/sensitivity_20260907/gizmo/l4_publication.json,5474,914247708affde28a67af0dd4fd7624b73cce26738fa47a9d7b079bd20bc1965,json
analysis/sensitivity_20260907/gizmo/L4_VALIDATION_PLAN.md,3446,275f614d31cd5f98fbd0cdfd5cb88e248f34f23c560380e64973ded45b88ae5e,md
analysis/sensitivity_20260907/gizmo/l4_validation_v1/full_plan.json,5183,2b77bb64257e2826dfe241ca6fb31eedcd5b868d73eeb4761cf96ac079430d7c,json
analysis/sensitivity_20260907/gizmo/l4_validation_v1/full_tests.json,855,63e9ee6fc627f64343fcf5cf74e0f3bf5ab819a9134bf10a350e86e3336bd404,json
analysis/sensitivity_20260907/gizmo/l4_validation_v1/full_windows_readback.json,670,bf5625a8d935f06b539e7841a9533cd1d73e8e3f8e9dd9a781a2e268dc90249e,json
analysis/sensitivity_20260907/gizmo/l4_validation_v1/prepare_plan.json,9210,579f85c2ca74cf7e44a8529b77d3d8f80e45e6760ccc18fa9aad9bae7c15e096,json
analysis/sensitivity_20260907/gizmo/l4_validation_v1/prepare_tests.json,2111,2dd63b6c4ac943a5593c3f18d48be62e36c69c3c44c13ad4377385af3207daf6,json
analysis/sensitivity_20260907/gizmo/l4_validation_v1/prepare_windows_readback.json,883,ef19a28d4668c23871774b01f38801f56d7fcf1addd6edbafc7dd41afb30ea67,json
analysis/sensitivity_20260907/gizmo/l4_validation_v1/publication.json,8351,b05dfbb7ed9712bc19b722433e655722f708f228574696c4b49351ffbd28dc79,json
analysis/sensitivity_20260907/gizmo/l4_validation_v1/validation.json,82833,77768badc2721247f471c251ef7e316d02060eabf3e76c549dadcbd367e842c2,json
analysis/sensitivity_20260907/gizmo/launch_full_l3_windows.ps1,1573,63e27e09b549cc1e15905e4c775cecaf487b5cbde53977ef48af2ce3273ed704,ps1
analysis/sensitivity_20260907/gizmo/launch_mfm_l4_windows.ps1,2092,300b2a07c90709bb028d7a0118b45801bddb0620e0171560c4c977bc9fe7c16c,ps1
analysis/sensitivity_20260907/gizmo/launch_mfv_failure_control.ps1,1214,8733d5752cf074a94e2a27c90e13ee9b374dc786168199e7f40df58391ecfcac,ps1
analysis/sensitivity_20260907/gizmo/launch_mfv_l4_full.ps1,3563,bc21c602e2aec9f46701ded41f16629fe62543c7a7992a0b74d4393a3d8fbd6a,ps1
analysis/sensitivity_20260907/gizmo/launch_mfv_l4_prepare.ps1,3378,2dd857b39807e439af5fc50945b0bcec2e59ca478a868c2911e9954db5553988,ps1
analysis/sensitivity_20260907/gizmo/mass_mfm_L3.png,75063,2a796108307e2262045f0d6f35ad60c7069f5c5d452e5b0fc0c6b5782b12eeb9,png
analysis/sensitivity_20260907/gizmo/mass_mfm_L3_L4.png,95712,4cdeaf5cc60365a30d20a12b81895489dbb819f0fc6229644a312dc3c94b30a0,png
analysis/sensitivity_20260907/gizmo/mass_mfv_repaired_L3.png,105660,d429608e070f7c0dcc7fe527469acc036330563467de4648dd2c4453efea693c,png
analysis/sensitivity_20260907/gizmo/mfm_l3_report.json,119904,65875b8ab7954967db7a6f8d2a58f0682cd257e30c7dff970cdeb067ca2ea313,json
analysis/sensitivity_20260907/gizmo/mfm_l4_batch.json,276158,ec67797121cd25f8968e5325fa9b63e7d17eb08e41b6a0578e3b724a31b5e25e,json
analysis/sensitivity_20260907/gizmo/mfm_l4_bundle.json,724,4cb047625c0ea1bb78b2841747b37900a27547077ce3ec11f5575d1340a9b5d0,json
analysis/sensitivity_20260907/gizmo/mfm_l4_controls.py,18162,6e3c8b350d2a11e705216572f0a98a52c4062c8b768dd4f5599420b1586e583a,py
analysis/sensitivity_20260907/gizmo/mfm_l4_tests.json,165,1984dc21593545a02e0a83330c064eca5006f7dc8d9e66839a3dc7b83c8e38c2,json
analysis/sensitivity_20260907/gizmo/mfm_l4_validation.json,42456,958ccc25bd1c485c725e673745e4d3ace1b4945d9068c916eb88b10731a66f8a,json
analysis/sensitivity_20260907/gizmo/mfm_levels_publication.json,5079,2492ecb8746922fed4103404793aea2297198d42ed6c6dd3d8e5019d36006880,json
analysis/sensitivity_20260907/gizmo/mfm_levels_report.json,260332,d459ddc97aff60da485929c66e17750ace3f4ebff549ba54e910c0e99a54e294,json
analysis/sensitivity_20260907/gizmo/MFM_LEVELS_VALIDATION.md,4781,e540e09c168e6fcf45d50ad2577587243e9f3c5dde3c4e87247e95f11e7865a8,md
analysis/sensitivity_20260907/gizmo/mfv_analysis_levels_v1/full_l4_batch.json,152965,973aa5c5dce052274645a015a47091187078534fafa274373e8efbf0f84b4e25,json
analysis/sensitivity_20260907/gizmo/mfv_analysis_levels_v1/full_l4_plan.json,5183,2b77bb64257e2826dfe241ca6fb31eedcd5b868d73eeb4761cf96ac079430d7c,json
analysis/sensitivity_20260907/gizmo/mfv_analysis_levels_v1/mass_L3_L4.png,259942,8b4851f0b4583ecf5db14657540f349d1832eece2ba452482a72f634b04e9ef2,png
analysis/sensitivity_20260907/gizmo/mfv_analysis_levels_v1/publication.json,5921,0b638be1f576992a172d029b7030756dea56bbc7a02ee1e7f86dd964799e8daf,json
analysis/sensitivity_20260907/gizmo/mfv_analysis_levels_v1/QA.md,3255,b5287ae579bfd1e3844042bda11ad8c58b41b1266fb339352b73dea7087bb042,md
analysis/sensitivity_20260907/gizmo/mfv_analysis_levels_v1/README.md,7222,a535fe40778f8426184ae00e554ec6ad5ffafe094b3294c3c0c6b1fb39226270,md
analysis/sensitivity_20260907/gizmo/mfv_analysis_levels_v1/report.json,385853,9049de2e08bb01dc92332ff08006ad1fb4e041e80ebd65b22ab8aac50e44aefe,json
analysis/sensitivity_20260907/gizmo/mfv_analysis_levels_v1/validation.json,557,123f1306ca2d8fdb67535359cc7181e41f5abf7f2b90f58cf7f13a8b943cd1a7,json
analysis/sensitivity_20260907/gizmo/mfv_analysis_levels_v1/windows_readback.json,670,bf5625a8d935f06b539e7841a9533cd1d73e8e3f8e9dd9a781a2e268dc90249e,json
analysis/sensitivity_20260907/gizmo/mfv_failure_control.json,3410,a41d156afdec0cc3f855199ace6a59d1a6e934cc24aea8ad5214f9284b9e34c3,json
analysis/sensitivity_20260907/gizmo/mfv_field_audit.json,101901,9fa66d0d81cbffa4e2022996a3230f55e2cdc54201026630f10255b89be064dc,json
analysis/sensitivity_20260907/gizmo/mfv_l4_full.py,15352,191d9662827b24df3f361e150844d11354ab7e8ad4a7d162e1252645f6310c20,py
analysis/sensitivity_20260907/gizmo/MFV_L4_FULL_PLAN.md,4087,2f41e69571fdf4ff855818285640a1abe1275021c29ecde9f5140ffd0f890e25,md
analysis/sensitivity_20260907/gizmo/mfv_l4_native_checks.py,8720,2642285b78421b7867a8aabede82cdf269f9e09f585ea88f3e7d1e859e86e3ac,py
analysis/sensitivity_20260907/gizmo/MFV_L4_PREPARATION_PLAN.md,6937,67d23c3d4f28e6b907771526bf7818ff25a6008b14c0d2179bd23e3ab2d499aa,md
analysis/sensitivity_20260907/gizmo/MFV_L4_PREPARATION_RESULTS.md,6344,31b8fd915263e862ebe8ddcba93afa4729c91a129e983e70d435c779fa59ce36,md
analysis/sensitivity_20260907/gizmo/mfv_l4_prepare.py,18533,25a78534d47776998262052d1a89f2750cad0f3f236a2ceac5eaad07c1ef8835,py
analysis/sensitivity_20260907/gizmo/mfv_mass_trace_publication.json,4625,cd9e1648479f68471596136edbfe4b1ebd337752c9040e6f54f1869235be789f,json
analysis/sensitivity_20260907/gizmo/MFV_MASS_UPDATE_DEFECT.md,4880,a102ae4628981e3991433077a5b6f60b03bcfc77b1515ebc6918b4c11b762ba4,md
analysis/sensitivity_20260907/gizmo/mfv_mass_update_trace_v1.json,13286,50fae979a156270af8f60d27f7b054e27f9d21a80d96f6ccca0954443a59cf07,json
analysis/sensitivity_20260907/gizmo/mfv_onset.py,20471,40782c2b16e09d92a0ba1c1f6bfc4c8019ae86426e784cbbc663fb6503c3112e,py
analysis/sensitivity_20260907/gizmo/MFV_ONSET_CLOCK_REVIEW.md,2198,7a9a71e1f6b43538224ce0eafaa3941dc5a4f1274fc3b61e378d105af2384190,md
analysis/sensitivity_20260907/gizmo/MFV_ONSET_PLAN.md,4441,a1ed4c5a6239d4884df6a9c3384757b440615569acad38ce561bd3727e23667b,md
analysis/sensitivity_20260907/gizmo/mfv_onset_publication.json,8188,79a0a652fa5514bc2694e737926adc70b2b4082bccc118254746fe8742623a75,json
analysis/sensitivity_20260907/gizmo/MFV_ONSET_VALIDATION.md,5453,8c045d95c92a0fb9d190153aab571e40e3dbc1b2b2f1ab4c6d74283344ef7d2c,md
analysis/sensitivity_20260907/gizmo/mfv_pair_audit.json,537344,cd92d0fad6eabeb22c0f93d27926e89d25c6095b31f2cd57b403063888ccb2cc,json
analysis/sensitivity_20260907/gizmo/MFV_REPAIR_BUILD_VALIDATION.md,4560,6b8d50454165fd3b8552c8fe8dba1c96f2d2af36f3e2ae2ccde50ce0e5d3cbfd,md
analysis/sensitivity_20260907/gizmo/mfv_repaired_pair.json,194332,db45f9d985a4e8eb87b63f0247d1d5f61572acfaab5dad6f9272dfe36b0a017d,json
analysis/sensitivity_20260907/gizmo/mfv_repaired_pair_publication.json,8555,d6026eab781dfe4fae579c84d267073fdd04a03940894618511fb44258680e2b,json
analysis/sensitivity_20260907/gizmo/MFV_REPAIRED_PAIR_VALIDATION.md,6824,c197b4f2448b58d405b27fb866e01a7942ec1df245d00dcc5e6e1e7f09fca577,md
analysis/sensitivity_20260907/gizmo/mfv_repaired_plot.json,400,afbd789f20eb01950ed81b892bded81fa2eea8e8ae41f97c019dd5ec728ef713,json
analysis/sensitivity_20260907/gizmo/MFV_RESTART_DIAGNOSIS.md,5884,eea7a870192d4b1a0b521524b348703bcab031a8aa0ddfd98fd3a4b66acd6624,md
analysis/sensitivity_20260907/gizmo/mfv_restart_diagnosis_v1.json,19523,88fbb20c30aeab70b9f7dd60638c05a0abcf1afd876ee091a2ebf0ab5e7956b3,json
analysis/sensitivity_20260907/gizmo/mfv_restart_publication.json,6174,69e4b7c34f40e93e06cd283ba9891df2c7c3d9b154f3ef0359c19eec1bf53350,json
analysis/sensitivity_20260907/gizmo/mfv_restart_review_v1.json,156088,23cf16be3830b7d3a153fb8ae62e67e255cb6a8961b945c25250b09f62aa6f4e,json
analysis/sensitivity_20260907/gizmo/mfv_sharp_full.py,8089,9fffc947f892ae4b61a63f8b318f42a6d6e945587c4e6e2674ee69297c975ef4,py
analysis/sensitivity_20260907/gizmo/MFV_SHARP_FULL_PLAN.md,2761,13c91213534a38bba261608a496410db84449a0e9b2b34e9d8b335675b0959dd,md
analysis/sensitivity_20260907/gizmo/MFV_SHARP_PREPARATION_PLAN.md,4323,e96a80cdf59e0e6baf23a0db4328516777aa2395f81d18d16a79d7e86a83db96,md
analysis/sensitivity_20260907/gizmo/mfv_sharp_prepare.py,20325,3ce8cd73e44688357bb2580e3e43b4297968b30f2ff75ed524c26b05b513c5b8,py
analysis/sensitivity_20260907/gizmo/mfv_short_batch.json,1864,f59689b825fe06d526d171aa7b98bca1a0fef55ccc7ada0db626ae24d389843a,json
analysis/sensitivity_20260907/gizmo/mfv_short_controls.py,18368,62b37376a15d76ce7ea30c55b5b2eb931baa8b14ae4f1a4dd8032e54bce6bd69,py
analysis/sensitivity_20260907/gizmo/mfv_short_plan.json,3398,73aecfe271c30300a2d3ebe0c547791dc17e310b3f7727f876ca238598df01e9,json
analysis/sensitivity_20260907/gizmo/mfv_short_publication.json,6226,39d034923056ba8a6c3aba92046d2ff6c3a65ededc9923ecf283235fb20be770,json
analysis/sensitivity_20260907/gizmo/mfv_short_validation.json,22226,1a454241ada059c40994ecc0cde6e2a774fbd7f0ed6d8a608419739188019cc6,json
analysis/sensitivity_20260907/gizmo/MFV_SHORT_VALIDATION.md,5455,255d9b308eaf35bc08b1a8b0c14245119e6ebc0cdab65b2723d1c88b69df8fbd,md
analysis/sensitivity_20260907/gizmo/MFV_SHORT_VALIDATION_PLAN.md,4379,11b50f71439fbb5b8a1006e92c4b631998552860d8d8947e539a633d0f20125c,md
analysis/sensitivity_20260907/gizmo/MFV_TIMESTEP_REPAIR_PLAN.md,4404,e698c034cc572936131ed3598a1104d0057b6f135420db155acdcf5ec56413e4,md
analysis/sensitivity_20260907/gizmo/onset_clock_review.json,31890,53d8f951fabe54ec48795a626be1a55d27a48e25192d5021dd705f7ce95cfb5f,json
analysis/sensitivity_20260907/gizmo/onset_initial_validation.json,88835,d1da6d9d1e5b356fb1dd10e8f34931f316e51529a4865a72442f5757dd7a1d76,json
analysis/sensitivity_20260907/gizmo/onset_native_result.json,329,6655b288479c721aa01acc5c84ba0c72b47511c9cfde0c4fcf0dcc1fb9715e01,json
analysis/sensitivity_20260907/gizmo/onset_plan.json,3695,52c8ecbea186266d336652bcd0ad4d465de3b2a0a8a19b13880f126e027998ce,json
analysis/sensitivity_20260907/gizmo/params_mfm_L3.txt,1854,ea8f6fc061a3a0f96151836d4176ec42ff516f7a8cff3bc9f078ac08d0734df4,txt
analysis/sensitivity_20260907/gizmo/params_mfm_L4.txt,1863,f0717851e410a41a48f66f64c5d0f43e46a25faaf323fdff2195158072ccf6ce,txt
analysis/sensitivity_20260907/gizmo/params_mfm_L5.txt,1874,836cb1426e2e3fcf20712e6031e777508affc47efc01f67423d624c92ccec334,txt
analysis/sensitivity_20260907/gizmo/params_mfv_L3.txt,1854,a92150b872cc5d54694dad403f40588a332696e61de4f72b4f91416cc90690ce,txt
analysis/sensitivity_20260907/gizmo/params_mfv_L4.txt,1863,c81fe048ab3aedf6e43aa6767cc3c2369ee6a22c28bc024903b68638a0515f7c,txt
analysis/sensitivity_20260907/gizmo/params_mfv_L5.txt,1874,cf188d47913b9d798455c84a2eaf17b2366814bb2d7d2739006757e8e4b8f1c8,txt
analysis/sensitivity_20260907/gizmo/plot_mfv_repaired_pair.py,3066,3e57b95b0a5f2fc22396d4b358b27e575acb46b0df2ae9b32ca2e5b54dcd9c71,py
analysis/sensitivity_20260907/gizmo/prepare_mfv_repair.ps1,3068,e283e746342b903abed10b26757d9b2a52507ee4c2fc1729603a3d5c60174e7c,ps1
analysis/sensitivity_20260907/gizmo/publication.json,1073,f89de23873964d41892c47a1c8347722300890a8347d631c02f7067ab60a085d,json
analysis/sensitivity_20260907/gizmo/publish_mfv_l4_preparation.ps1,8433,548bd74fa46828c06485b99f13c4d6f49835b762594c277b26675d1d552f6e83,ps1
analysis/sensitivity_20260907/gizmo/publish_mfv_levels_v1.ps1,7219,114eaa323bda5576516b85df9767773979c43023ace759df038801f6978a3bfe,ps1
analysis/sensitivity_20260907/gizmo/publish_mfv_mass_trace.ps1,5230,7398ffa38424ec27de92f9e7792fbd6bf33658db2c5beae1a17963f8da71e97e,ps1
analysis/sensitivity_20260907/gizmo/publish_mfv_onset.ps1,6784,9dc27da34943df438357bc2a0e55cc47f8d5d70048420cb240ee46ceb2400f90,ps1
analysis/sensitivity_20260907/gizmo/publish_mfv_repair_build.ps1,5468,8794a19061a90bfaf6bfc579548d525592ce727b2ba13b1b78f3f814d45f1428,ps1
analysis/sensitivity_20260907/gizmo/publish_mfv_repaired_pair.ps1,6931,c5b897cdbe53c9fdfc5984b28bf86582758fb73ba674f37cb872a5bb0644fc7c,ps1
analysis/sensitivity_20260907/gizmo/publish_mfv_short.ps1,6275,248075c70ca501feb56ba91b0f236f3270462218d3839bf7c3335e5a84d2be01,ps1
analysis/sensitivity_20260907/gizmo/README.md,17242,484224da7d52909dd6d7152183b30be25aebedfe2d10c91bb30180e845231a5a,md
analysis/sensitivity_20260907/gizmo/repair_build_publication.json,5835,ddd2e8c12889c070598533ae15716c7eca242deb06a91856aaf5533345f91163,json
analysis/sensitivity_20260907/gizmo/repair_build_report.json,7703,01457ba7a87dfc4054366d240b66f0ba8caca310af74f945eeafb6ebd928e509,json
analysis/sensitivity_20260907/gizmo/repair_build_review.json,24281,7ac8f279308221ad7a012d33f0e229417d10c38b8aaea42426c3a6eb5950e571,json
analysis/sensitivity_20260907/gizmo/repair_flux_test_report.json,1068,ffa2d510b2e2737b66bed38ffd03b445694d1f04c3526dd98e0b1f4bd826d340,json
analysis/sensitivity_20260907/gizmo/results_publication.json,10244,a3437c605485b595e53c02104fffc7b02088e649ecce3f553936ac6304610a3a,json
analysis/sensitivity_20260907/gizmo/review_mfv_onset.py,9185,ef0012ec11903861ea4c4e52ccdf530fd6286e39fd4e0e02f04f91ad278755f0,py
analysis/sensitivity_20260907/gizmo/review_mfv_onset_v2.py,9460,1c35820cb8ad567d13bdad26f6b3c1088f4b994f86f6596efaa6af2c5c9f3359,py
analysis/sensitivity_20260907/gizmo/review_mfv_repair_build.py,4167,e7efa28c782a9b3b2d925e0e43dc3ce0f1a77932b9fd2250c0bbe7758aeb8f93,py
analysis/sensitivity_20260907/gizmo/review_mfv_restart.py,7641,9a4ec491de098fef5c1d4e50272decf0853df13aedcb0269b9ff3bac8fce35f6,py
analysis/sensitivity_20260907/gizmo/run_full_l3.py,14773,0630c91879a81ab8c300fc35d865e68e9039deb0a8481c8c8d390e260f3fbde2,py
analysis/sensitivity_20260907/gizmo/run_mfv_failure_control.py,2523,93a1e18feb8ac387ff9a483d3b9b3c13dfb7ebd539c82f1cf3f1cbb5c336a511,py
analysis/sensitivity_20260907/gizmo/setup_gizmo.py,2865,33052b8d824fe18359a78d459a4d21a8dabf6f5d08e0140aabb5cd1c52dec934,py
analysis/sensitivity_20260907/gizmo/sharp_full_plan.json,2636,a4ef923f8a202224f73d79535eba42bcd3d73e6cfb7e9b9254364d62d30b0155,json
analysis/sensitivity_20260907/gizmo/sharp_full_result.json,231,871c7d1428e4db7abb8065d938fdb434fda07d028cbe161bdd326382b8163d5e,json
analysis/sensitivity_20260907/gizmo/sharp_prepare_plan.json,3359,74c54e9db5785752e3193e3130e5d2a3ae94474262ce6121b24e6564adbbe6e8,json
analysis/sensitivity_20260907/gizmo/sharp_prepare_validation.json,41488,41933e9cee047882a0008fe9505e7790151daa7abcef3c619fc03a4699ba97da,json
analysis/sensitivity_20260907/gizmo/smoke_batch.json,12988,5dc3b95a86465f142976db861a4716f6e357ec94eb9d034ce55d2e26c924de0b,json
analysis/sensitivity_20260907/gizmo/smoke_gizmo.py,7844,e13ef0ccfba7f91f08bfa78578a5f4efa9766be8db6028b251a1b45ab10a7925,py
analysis/sensitivity_20260907/gizmo/snapshot_timing_report.json,22007,e7da471e9c39809947e0104021a726fe467962405a4ae885b8e0499fcd65abbf,json
analysis/sensitivity_20260907/gizmo/stage_l4_validation.ps1,2564,eb5ca2c538fe3f45c139cd63a135ce1d47017d5e1ea08c167d74ac887321026c,ps1
analysis/sensitivity_20260907/gizmo/stage_mfm_levels.ps1,2798,b105006a49989ad512951174f456be4b2a7ddd00ba9a57bcfca369dd11bbe6f5,ps1
analysis/sensitivity_20260907/gizmo/stage_mfv_publication.ps1,3186,a7cf4e4656e33c4a5b8672d3d20bf5a3ac074faf8f9a9655e7abaad92078e2ea,ps1
analysis/sensitivity_20260907/gizmo/stage_results.ps1,3434,4ac66583e67e7d561c83fc833b9b98eb023c1ccc989b8151e82ff7e1ad79a168,ps1
analysis/sensitivity_20260907/gizmo/stage_validation.ps1,2605,0e7e10cf7170a25c2f7012d21c4fb7efd9a4f73ec24314e9789f36dc546f5a2c,ps1
analysis/sensitivity_20260907/gizmo/status_mfm_l4.py,1921,b6d9f70023e0f4295dbbf7ddad0f3c9c6ac5f8e2cb36894e5a9291104202117f,py
analysis/sensitivity_20260907/gizmo/storage_guard.py,4269,f342c104352aa4526e737ac58a33e081a12d69d00c57cc55f15ad49a3f9e6fcb,py
analysis/sensitivity_20260907/gizmo/test_full_l3.py,2032,2259bd22d8ddb1b0ba98708d7340974f4ff52ef322ace3a3baef844b78b85451,py
analysis/sensitivity_20260907/gizmo/test_mfm_l4.py,2215,28333304bc4ce5ede41e936a80fc1aec7814fdef1f47665def7e48457628df01,py
analysis/sensitivity_20260907/gizmo/test_mfm_levels_analysis.py,1406,5c0ef7ee8bead4dd6dc75e144c65dfee2ee646da73380ee0be47420d59a4c060,py
analysis/sensitivity_20260907/gizmo/test_mfv_l4_full.py,1180,9551396596dc45b16f47b25f8c3ad1a3ac4add8c1c295609aaae93914051c086,py
analysis/sensitivity_20260907/gizmo/test_mfv_l4_prepare.py,3726,c19f11c8aa2e91a6ec578ed1db6f1a24773b991cf69cbe8ebbf431a497ae0cde,py
analysis/sensitivity_20260907/gizmo/test_mfv_levels_v1.py,3245,e3335b94ed4a20e39bbd79a98f8355704b7c1e3157e19901a7461227803471a1,py
analysis/sensitivity_20260907/gizmo/test_mfv_mass_update.py,1316,f9a8db45d4a840f2092d40620f4054ec8c72d350076c2690630bc763190f8551,py
analysis/sensitivity_20260907/gizmo/test_mfv_onset.py,2173,f9d0d5c0b9eb4ac583db7175a269cadd35059405554efb1eb7c478b8f8be7911,py
analysis/sensitivity_20260907/gizmo/test_mfv_onset_clock.py,1177,2587c23f930c71e4484dce1544dc94280750263cb5705a3d9a0354ddd7546d8c,py
analysis/sensitivity_20260907/gizmo/test_mfv_onset_clock_v2.py,1532,a1c3535aa4fe3c6d25fa21eaa873b09880b82ff266aa5edd5f04cf86f648061e,py
analysis/sensitivity_20260907/gizmo/test_mfv_restart.py,4718,296bb4f41f07e2ec2d0f7d169040b38251c9b9b0ef6535119495914d282beddf,py
analysis/sensitivity_20260907/gizmo/test_mfv_sharp_full.py,1416,076d02b04995f275f98df71e0f39770d34ef02b33aaf8350bbf9fdbae32f12fc,py
analysis/sensitivity_20260907/gizmo/test_mfv_sharp_prepare.py,2488,f585f20dc31657fb2540395eb56c45cc1a93ba8ad099773ad4b6d85144d4f9ce,py
analysis/sensitivity_20260907/gizmo/test_mfv_short.py,1672,7173f29e998e75a44267a205617ce1b6a0f61a3cb04157fa0a3b7d7bf306a9b4,py
analysis/sensitivity_20260907/gizmo/test_native_mfv_flux.py,6326,aaf951938b6eef2a67db51045295eb95e678c7e770f27ccfb17707da106e94bb,py
analysis/sensitivity_20260907/gizmo/test_smoke_gizmo.py,1128,b380318d4cb1ef2c8d6a6c089b4e8cc1753adbb3dd5eddbad083134790da8d9e,py
analysis/sensitivity_20260907/gizmo/test_snapshot_timing.py,1249,a90ddf1554c2efa10422a100a48bf0afc91ce9028fe5f5a122e733051c7a84d1,py
analysis/sensitivity_20260907/gizmo/trace_mfv_mass_update.py,9130,0ef35de01714173eac1c962a3b749587f8bbe32e8dc961295eef688aeac6c36a,py
analysis/sensitivity_20260907/gizmo/validate_results.py,4362,bc82eb087bf9f20fcabebd317aaec5fc13bc9bce568c48967ececcc6f4dd83bd,py
analysis/sensitivity_20260907/gizmo/VALIDATION.md,4185,6b75e38df36c9af2c388e63794541a716f9885b6a3cc0040a5fae8921170582e,md
analysis/sensitivity_20260907/gizmo/verification.json,7615,c7e92e482e47b4fcf36139eac9f3c8d397c2a2108eef7398b21678f7381e5e2a,json
analysis/sensitivity_20260907/gizmo/verify_gizmo.pre_timing.py,5597,98ab5c07d76042b0b498acfe62952bfff657d9b2c0d851a74cc1ab303c7cf858,py
analysis/sensitivity_20260907/gizmo/verify_gizmo.py,8076,fcdf4f5560912a74fa067eec5f4f9abf677e71cc53af979932f3bc088c7765b6,py
analysis/sensitivity_20260907/gizmo/verify_l4_publication.ps1,3590,767bcaab6d5834f60531fff26b8e3af15abdabf2076e6a248824e85122bed4b9,ps1
analysis/sensitivity_20260907/gizmo/verify_mfm_levels_publication.ps1,3624,f80af85976f670d92a32c9319855e71aede28e084fc7e47047952c7e5f176942,ps1
analysis/sensitivity_20260907/gizmo/verify_mfv_publication.ps1,3626,d6a7c90c0017a84a99ab0382423b2772203772acdc1b5d9d2628085727ce827b,ps1
analysis/sensitivity_20260907/gizmo/verify_results_publication.ps1,3559,657b33c690821b059db859a4ec3f1b2dc66b194afe02fa417b206b7b9316f69c,ps1
analysis/sensitivity_20260907/historical_sources.json,1828,fcbd6c7127958ed1682fb14a5e39ff0ea3c73b34a17eb9c34eee3523812f6f9d,json
analysis/sensitivity_20260907/inspect_native.py,556,651459f824416b3878fe81d1c33d28b40683b558269098406466739a08e89172,py
analysis/sensitivity_20260907/package_study.ps1,2379,f182d747351a4b665a60a67258f1c42d7e1d6ef2cb79c09f7f62165f4bb71b59,ps1
analysis/sensitivity_20260907/PLAN.md,22605,27cb8931a119e9b599ba4fbb97d12affe928c81d35df1ce5931c9f1e13cdf136,md
analysis/sensitivity_20260907/publish_resolution_summary.ps1,6574,60cce4e10a5d47de3d77fa1fe4883273a2ce3e71911d0ceffde9de20e9749b5d,ps1
analysis/sensitivity_20260907/publish_resolution_summary_v2.ps1,7315,7f900a137c216f594a78917a68e69c26eca1d91365313b703083af3c9be35ce2,ps1
analysis/sensitivity_20260907/published_package_manifest.json,6166,8716c355140bac4365b76ea151bf6198216a533f4f3f893872c8e9a8ad1f3b3d,json
analysis/sensitivity_20260907/ramses/analyze_ramses.py,5501,1e07934568b04c64a12259efe5660c80d4fe48f327ded32b6bb44d2a55bae68d,py
analysis/sensitivity_20260907/ramses/base_run.nml,1102,172e8a803f93400205d526d8b82a91c5f97412c8e01416b6e60005d92f6c579e,nml
analysis/sensitivity_20260907/ramses/batch.json,219808,b8c92e5b416dd012b86d0299b66108e4629367d599c87944273393431e2e5e55,json
analysis/sensitivity_20260907/ramses/build.json,36145,b8ecd4537a725da1f5a5fa9732cfb74fa566d40c7fb56e8e97675afa0dd7f16b,json
analysis/sensitivity_20260907/ramses/build_ramses.py,3011,9574565c9c7d111b2ff5f73001022f968d7bafd513cda501d148eb9ad64be1d1,py
analysis/sensitivity_20260907/ramses/inputs/L3_chi100_sharp13.nml,1145,97827af234514eae89a6ffb98d46defd622e4a0434c2ba522c92e084ec9ea7a4,nml
analysis/sensitivity_20260907/ramses/inputs/L3_chi100_tanh13.nml,1145,cb22ec5374cf4c0ce717347803f3c185d719c5c43064dd48de6c98274ff92472,nml
analysis/sensitivity_20260907/ramses/inputs/L4_chi100_sharp13.nml,1145,34747675418978cd912a3ac08169a0f0d2b70c66b2e0d32d45abd612d84d7689,nml
analysis/sensitivity_20260907/ramses/inputs/L4_chi100_tanh13.nml,1145,6aeb5ac9edfe335bf6cd902cc3eeba96340f54be3fe7cd9a5ec8176527c21d09,nml
analysis/sensitivity_20260907/ramses/launch_windows.ps1,986,8f2f4c21964274ee9d17e96b9ce3294e6b839de3823b0c9b60be9b9d1be99593,ps1
analysis/sensitivity_20260907/ramses/mass_and_retention.png,162482,4bdc08eee155a04da596e9f85347aa96f4fad1cab31ecd38bbe519d2fa519395,png
analysis/sensitivity_20260907/ramses/native_reader.py,5452,c2b3b9f6146e96b294daf8009336d91df01daf01fe53c213afda15348e3f1c2d,py
analysis/sensitivity_20260907/ramses/publication.json,802,323b8e0c7311daba030dd228c66387612662beddc357cd2dd013a19f43845497,json
analysis/sensitivity_20260907/ramses/README.md,7167,4a3af3c94bdbf5841bf77eaf4904d9c71a76d474dfc34526e8af1decbbd70a7e,md
analysis/sensitivity_20260907/ramses/report.json,200843,9d83898b6ab2952c9b3aec8bbaa7aa25cb5e82ccd4e74bf6924e9007c1069664,json
analysis/sensitivity_20260907/ramses/run_ramses.py,13721,6fb0e1c2c477d44646686a4ae8424acec063a202c5bf3b23e9828f7d62cb2903,py
analysis/sensitivity_20260907/ramses/setup_validation.json,580,140bfeb3325e365e0e1dba0a7a2864a806ad50c7721d58bab8b9faea257211c9,json
analysis/sensitivity_20260907/ramses/smoke_batch.json,7809,95b8990a7bc4b2d51b0f9fc30acdafd024c04b222eb9a79d182cdcc413fbdef6,json
analysis/sensitivity_20260907/ramses/source/condinit.f90,6567,f5b8f02a8b76a2e9f0570ed5dc484a4de9ea7aacd2f7e61d2953cc2f69d08991,f90
analysis/sensitivity_20260907/ramses/source/read_params.f90,27549,2416997f8a044117ccd28f406e66f763f3a2e47345b9449df02f22a333314955,f90
analysis/sensitivity_20260907/ramses/stage_publication.ps1,2151,c556b358c7aef0b95f1d549195252960496f0d9a44b90e99910b5f775a202e7b,ps1
analysis/sensitivity_20260907/ramses/test_analysis_ramses.py,726,05f9ff4de2f73c8b1fb9c0508f81b4363946abe73a4fee08572660a757be2fb1,py
analysis/sensitivity_20260907/ramses/test_ramses.py,2631,a39dfa85e219d355fe8eb3dc2a4b7507ec11dd43cd2824a5c83fc6ab991bb17b,py
analysis/sensitivity_20260907/ramses/verify_setup.py,2878,57c6d62358ff94ba9a842a961ebf445467e2520465bcd98a793803f39a34015d,py
analysis/sensitivity_20260907/README.md,17541,b89853342516b874a0c2db8cc169ba0da2f015d03bca409736fd691c705172ea,md
analysis/sensitivity_20260907/record_sources.py,896,e328bedc438daef76f788de3cf00f5c322ebea914cc297f7ed438f71691318eb,py
analysis/sensitivity_20260907/resolution_summary_v1/publication.json,3555,6f6e499d311b494b9345a22230aa618b30b843d9bfa0ef9159c7655464cc8051,json
analysis/sensitivity_20260907/resolution_summary_v1/README.md,11430,5b8d14ae6743f79a1c479d93398ae3c66df5434da1f098f9a95b96ca634f7493,md
analysis/sensitivity_20260907/resolution_summary_v1/summary.json,58313,806b7a696fec08d587e78fa9a0d2d3ba1e0fce202792a51410a99d262fd9cdcf,json
analysis/sensitivity_20260907/resolution_summary_v1/validation.json,16252,9c23228a3729457ab03b0c26b999a3cb0c07d44d2b6071923b7956aa8a5f18c4,json
analysis/sensitivity_20260907/resolution_summary_v2/publication.json,3997,2c34ab75b00e849b9c24bda4cdb3ae761afcc06f2be887c14961e3c6275181d1,json
analysis/sensitivity_20260907/resolution_summary_v2/QA.md,3729,e9c06ae1f1980dcc9159392d4ffbe99caa507e7f2746af667ddd12d4afa66f8f,md
analysis/sensitivity_20260907/resolution_summary_v2/README.md,7649,927e1ef8628639ffe7d342279a73d86d6e112d90c814608d16d512a285acf3b2,md
analysis/sensitivity_20260907/resolution_summary_v2/summary.json,65087,7527a36c6d6118347daea4b07e95237166b3b7c49543be2e00d2573322628e8f,json
analysis/sensitivity_20260907/resolution_summary_v2/validation.json,586,45fd9c724b84a51637e00bab49e7ab1cb0601870c96a7a58084028a839cf6840,json
analysis/sensitivity_20260907/run_pairs.py,10330,07cfbc4b811e1729053f7197c105356833637ce542f9100450ba084eae6c8c4e,py
analysis/sensitivity_20260907/source/apk_cloud.cpp,11655,58f891e53a27620462df60a87d0181a44f494487534d822c98ce8fa134ebd11d,cpp
analysis/sensitivity_20260907/source/athpp_cloud_wind.cpp,7366,8e017f08cad86fc7477dbc3451f274e62273260544d3bb37e1e0acdb4ec3eb82,cpp
analysis/sensitivity_20260907/test_analysis.py,1269,9256f23ca4906d55a9d9570526396a4d2fe4906f1d647936c874061f48f68c45,py
analysis/sensitivity_20260907/test_pairs.py,1401,d6066e475f0128da594e117d3ebf97765177e0056fcc9065d9fe2428acf0df27,py
analysis/sensitivity_20260907/test_resolution_summary.py,9268,77af8acf8f6ba49501e66cd8648f863e2906fb2a30a44cd51148a73a1e39a0d0,py
analysis/sensitivity_20260907/test_resolution_summary_v2.py,2795,c3ec0faa61c73f08170feb10e9577c6f1037b73c3444b9910e9f8a333cfe34bd,py
analysis/storage_20260909/compression_probe.json,58591,c0b919092c5dc92aa2644777aa0cc506b6c31ba716ad880d409a6e88f516cf3b,json
analysis/storage_20260909/compression_probe_v1.py,5052,6f9e4783cc4f477e8447e962a8902e5ac76c07c7fefa09196baedbe0fc943ca3,py
analysis/storage_20260909/project_storage_inventory.json,4079,e3cf7d92ab311b87a8c9f9194da05e33a3ee73f4f0eea4f97c8bf720526e67a1,json
analysis/storage_20260909/README.md,1460,09c5f58fc33a3b01a3444c659e863532aa5d70b3e59062c7dc8cb1690b5e18c4,md
analysis/verified_20260907/.gitignore,19,862263fa1f46c20f0d1e4dac5ffcc75abd55c08211b2c3864c5f8764b9d87793,
analysis/verified_20260907/__pycache__/dense_export_v2.cpython-314.pyc,5830,97d58dad27682d65a9911bdceff0fd993c753608d5d4384840abead08fb7cc63,pyc
analysis/verified_20260907/__pycache__/diagnostics_v2.cpython-314.pyc,9141,9a1d701474242c5b9c94dcb450e178a7eaa2c52ba08dd341666c1a78bce25899,pyc
analysis/verified_20260907/__pycache__/figure1_v2.cpython-314.pyc,13630,0855bd56d7fb21a742151c6c0fdbb006fb99346f68e0d71815b129ea1ce7faa3,pyc
analysis/verified_20260907/__pycache__/run_params.cpython-314.pyc,12887,3dc5ead17a307a65ab4dc54b13f17f5accdd5f660b7be8bef9f68159d21225ea,pyc
analysis/verified_20260907/check_analysis_native.py,2437,44c29378893120b7d6b0475871d846adbf0b6434d84a857685349a421733189f,py
analysis/verified_20260907/check_snapshot.py,3738,5d806a18247de67b56e0e01eb83b6ba74beb27c501eb43e81450e79e9b616c83,py
analysis/verified_20260907/comparison_checks.py,3904,bdcf85b2947cafdf6a3fff17bdf368e184077ecdd72f4a5dcf781b8c4c086cba,py
analysis/verified_20260907/custom_source_changes.diff,43418,70ec2a995ec3ac1244d42d5cac4250b53637beea71729cb58f1d8e62d82e82fc,diff
analysis/verified_20260907/dense_export_v2.py,3015,8bdfee3f699cc3dbdbb712eddc963d4096b67f67581497b6fc93a2cd56d71e3d,py
analysis/verified_20260907/diagnostics_v2.py,5230,a00b323eccbc47d196e62e736651d6a76608c3e23f2f7fea9d2909b5a8f9d887,py
analysis/verified_20260907/enzoe_smoke.py,2395,a2bef76e1b98cb628096eadce6e47ec497d22ff2511a102cad29584779b48c69,py
analysis/verified_20260907/evidence/at_test_binary_sha256.txt,733,62ff765086622e58313c1df44c999ad802fd31c2e9d5ed23f1e58d77b9447b0c,txt
analysis/verified_20260907/evidence/at_test_source_sha256.txt,1507,5be2952a9c955677f068ba752c3afda0742f55f8429c4093a2f832d36d302895,txt
analysis/verified_20260907/evidence/audit_initial_isosurfaces.png,93399,8678d22eb13b2b16047a99189304eb99d3224993709b9e14191cdbbb5e56590e,png
analysis/verified_20260907/evidence/audit_results.json,59898,c811754ec20ffcc55990f9c9723d196ba95d31b4f1947f09bd45bca97ecee12b,json
analysis/verified_20260907/evidence/audit_short_mass_v2.png,48504,46cf133128f73dffa8edf049ff60d290826313d491705fad0cde2adea2537400,png
analysis/verified_20260907/evidence/enzoe_tests_v2/chi10/cloud.in,1596,af284c997eb359650482399f60afe644d130fc94b35c4d0bdeefe2ea5181f466,in
analysis/verified_20260907/evidence/enzoe_tests_v2/chi10/run.log,11959,ed2e3f984236ab826d213961d1511202b4b7247a6733f140384b100b4fa5e38d,log
analysis/verified_20260907/evidence/enzoe_tests_v2/chi10/verification.json,333,ed504708320006b413f66caae229a290b94296ba1a4c552ffc396b68699c1bff,json
analysis/verified_20260907/evidence/enzoe_tests_v2/chi100/cloud.in,1600,1703b1f5dfdf1fa354cc42d5d05f84f9dcae8b88785febecc4800622c3487fbb,in
analysis/verified_20260907/evidence/enzoe_tests_v2/chi100/run.log,11959,5677ea8e9ab30558abeee58938bdea6637e11ae72704c5476a9fcce812620638,log
analysis/verified_20260907/evidence/enzoe_tests_v2/chi100/verification.json,334,05d207d150a203ad2712127ef18a89c9b70b48245ebc25c9c0370b19b80eca2b,json
analysis/verified_20260907/evidence/enzoe_tests_v2/chi1000/cloud.in,1604,abf222b2c4904f93753e731a3f417dcec1188d9a3251e2dcdfccb2037af46d3a,in
analysis/verified_20260907/evidence/enzoe_tests_v2/chi1000/run.log,11959,812e86a8899d9d4c2b367e2999ec1aead825b67911df0e9c14c35f3c025b1fb3,log
analysis/verified_20260907/evidence/enzoe_tests_v2/chi1000/verification.json,335,357fabe30d9c94b7e18b4daa1c673443e14fb24d5da56314338f2e5b68643555,json
analysis/verified_20260907/evidence/enzoe_tests_v2/results.json,671,61225107309099e9bcbc3cabb6560c70721538be0138f02606216da78287c441,json
analysis/verified_20260907/evidence/grid_tests/apk_chi10/athinput,3772,5bdbe62d54ce86afe464248f95687419ca76fbc22688d0f8284025448f4abfac,
analysis/verified_20260907/evidence/grid_tests/apk_chi10/mass_diagnostics_v2.json,2543,7cf79e3e87f2aa7eb67b15d002e36e09abdce5096022c518a07f8da09a8a21ba,json
analysis/verified_20260907/evidence/grid_tests/apk_chi10/run.log,1860,4f659b50fc2350fbb6dcad498bed158a0a1b9a1761debf456d3187f6cdda7ce7,log
analysis/verified_20260907/evidence/grid_tests/apk_chi10/verification.json,1238,2dabfb5ead58eaa504c49480bf9305060a3804f68d88b358ffc568048a8ed99c,json
analysis/verified_20260907/evidence/grid_tests/apk_chi10/verification_final.json,1182,2a1dc7b1de4d634c28b5be105c84281fe8b812eca5846c2e916a082396ea199b,json
analysis/verified_20260907/evidence/grid_tests/apk_chi100/athinput,3773,81da8c365c2919d619a64208380e39bde51da5e1e56dbb6c96a8d9b569bdbb1f,
analysis/verified_20260907/evidence/grid_tests/apk_chi100/mass_diagnostics_v2.json,2547,b354803d537ab614fcf6ba9218614e66755ff0c3750e4a34f359aac812141438,json
analysis/verified_20260907/evidence/grid_tests/apk_chi100/run.log,1867,caccd35d203f1b854ec8da7ff506392f60940f3a33e9bc74ae5b07829c58b884,log
analysis/verified_20260907/evidence/grid_tests/apk_chi100/verification.json,1241,f717c8feb1c14f6ef1bf007837e5d78c9092745918c5a4abb1ee1f094298e42e,json
analysis/verified_20260907/evidence/grid_tests/apk_chi100/verification_final.json,1184,b7999d2ddc2cefa4b1001df75d414af18d6365349667297d72c04b14bf63071f,json
analysis/verified_20260907/evidence/grid_tests/apk_chi1000/athinput,3774,5c36771dda4bc95a6bc46d5f05d2d04966b792074728d72dadb2346ef4030cfd,
analysis/verified_20260907/evidence/grid_tests/apk_chi1000/mass_diagnostics_v2.json,2552,22c69c778b4bc74b1cfa2b430f3136afdb1a56eb7837ed513d88153afc9cb724,json
analysis/verified_20260907/evidence/grid_tests/apk_chi1000/run.log,1868,47f82f40da574816ed22e982ca0df297a426ce334e5a989219e6ab0fb2a42905,log
analysis/verified_20260907/evidence/grid_tests/apk_chi1000/verification.json,1246,1d8327bb52735e5005c196fba83889165ea50634ec916ee5d132a4a93a72eca3,json
analysis/verified_20260907/evidence/grid_tests/apk_chi1000/verification_final.json,1188,9cf2d90385d8327e6ac85cee5084d1128b053589d0f32f8cd46fe03a31f28101,json
analysis/verified_20260907/evidence/grid_tests/athpp_chi10/athinput,1974,d4234632cbbedf760dfde89d3c64c094d5dd07e31fc0ed86f4723518e4daf191,
analysis/verified_20260907/evidence/grid_tests/athpp_chi10/mass_diagnostics_v2.json,2507,283129fce1c1b294d5eb4530190602f6a6d68daf76783546d67d59bbf8ab0365,json
analysis/verified_20260907/evidence/grid_tests/athpp_chi10/run.log,375,ee1b633c6ec4c7acb4d222b79ed85b66e0bfa5d502dc0a472170a64690e91bcc,log
analysis/verified_20260907/evidence/grid_tests/athpp_chi10/verification.json,1285,8a4e10985f01d9dd341cba75ad83e98a7f103f192224c084b5b76c28cbd26553,json
analysis/verified_20260907/evidence/grid_tests/athpp_chi10/verification_final.json,1140,d578c4d82c52d741201958e4c28f18a11ed72875e759b4b87378cc6f32388ac5,json
analysis/verified_20260907/evidence/grid_tests/athpp_chi100/athinput,1975,525f93886fbb094bff694cb7d47b7fe0d9c4ba674bd33e10b8c224cf304c33ef,
analysis/verified_20260907/evidence/grid_tests/athpp_chi100/mass_diagnostics_v2.json,2510,97f1cb47eb763a7bbed8580935afe252d31fcd45589bfedcbc9e36fc48d8bf9b,json
analysis/verified_20260907/evidence/grid_tests/athpp_chi100/run.log,375,27d0f315d300b34007cf0ada01b86cb467bea38790dd6ba4f16005622988ead2,log
analysis/verified_20260907/evidence/grid_tests/athpp_chi100/verification.json,1288,ded409024f2b511cca7ec9ca54eece210803e96aad98d7725d5f7b316af22c80,json
analysis/verified_20260907/evidence/grid_tests/athpp_chi100/verification_final.json,1142,4973628e38ee83c522b545a7c15e7f930bc851a131ca7b903eda254d6c2f2cc4,json
analysis/verified_20260907/evidence/grid_tests/athpp_chi1000/athinput,1976,772dc06ce11a5aa1aeffd10fb9d48c1170ce20b76554c53dc88a85676892be62,
analysis/verified_20260907/evidence/grid_tests/athpp_chi1000/mass_diagnostics_v2.json,2514,ff07337909b29f9153ad10bc15da041de0c6a52b35b12923f0995a7ca3301ce5,json
analysis/verified_20260907/evidence/grid_tests/athpp_chi1000/run.log,375,bc29d2a9b5abc0869f472fa0ee686df2700e5c458bd6523ebe034dfce345e885,log
analysis/verified_20260907/evidence/grid_tests/athpp_chi1000/verification.json,1293,5e7da6531444f0542e150870528a43cd59c7576d1fd5eef6a5a2c153b5673eec,json
analysis/verified_20260907/evidence/grid_tests/athpp_chi1000/verification_final.json,1146,21f498407ef99629df0ab50275f79168bfa87d7a11ec25c87abc4279b7374835,json
analysis/verified_20260907/evidence/grid_tests/athw_chi10/athinput,1620,18d0c19bcccf840df455ee23b99585fc4f771b04b35b0c6c87b53ef93267e449,
analysis/verified_20260907/evidence/grid_tests/athw_chi10/mass_diagnostics_v2.json,2485,b1b43b5fc7616cdd040b27ced678cb91f84fcd8bc229c5b263b4582b5711c66c,json
analysis/verified_20260907/evidence/grid_tests/athw_chi10/run.log,4363,c776e2bc41e25464d9acda4e79f2801a12301f7a3339955ef43aaa29f5c33e6b,log
analysis/verified_20260907/evidence/grid_tests/athw_chi10/verification.json,2501,a42fd50411958eaa372f71701d6fc711c234edd3a067efeede0def9583080a17,json
analysis/verified_20260907/evidence/grid_tests/athw_chi10/verification_final.json,1113,12865980af6c0950b0fd69deb07d52da1e5f2743b122b64a0b99b773b129a78b,json
analysis/verified_20260907/evidence/grid_tests/athw_chi10/verification_reader_corrected.json,1212,c85825b1b55dc731b979062d49e60bfc34b58898b1f15a9f5f875b353ba4519a,json
analysis/verified_20260907/evidence/grid_tests/athw_chi100/athinput,1621,8eebe35a55c4b49b6cb35559da3f74d0d797158523f444725fb0c3e8d4493c66,
analysis/verified_20260907/evidence/grid_tests/athw_chi100/mass_diagnostics_v2.json,2490,b106e1629b77317873ec26c929485283c42e1adccafe590c97c5db2c5b12d291,json
analysis/verified_20260907/evidence/grid_tests/athw_chi100/run.log,4363,ba8aba64918f6de887911962ce3ee1dcc8187b7cc4b38507836b5874bcb2afb4,log
analysis/verified_20260907/evidence/grid_tests/athw_chi100/verification.json,2502,9894483d3199c0863334f81b98a68a227552e5a00cd308b7f7ab4ed39bd681be,json
analysis/verified_20260907/evidence/grid_tests/athw_chi100/verification_final.json,1114,2f69d7a6cc93a1d515d50c6d98c0e989fd940ab10355ecda01cafd84a0ad5ac4,json
analysis/verified_20260907/evidence/grid_tests/athw_chi100/verification_reader_corrected.json,1214,529c90ccfa557e9572d5a3b75e33abd901ba68ac1815756019bac03d0abe6f2e,json
analysis/verified_20260907/evidence/grid_tests/athw_chi1000/athinput,1622,714a311ea3c625469ce3d026aef5436032f450b9baec1cc264bb2e184bcc76ac,
analysis/verified_20260907/evidence/grid_tests/athw_chi1000/mass_diagnostics_v2.json,2493,f07e0005f0096fd8d78a8e45bf8a38c034c766ada97445f46b89f9eca614701b,json
analysis/verified_20260907/evidence/grid_tests/athw_chi1000/run.log,4363,bfd92e00b6b8d1e8908ec1e6146b3ab2adb6e4b7d05f2fa2b96fdc9ad935f05d,log
analysis/verified_20260907/evidence/grid_tests/athw_chi1000/verification.json,2503,6338e4d554fd033bf1b53cf8ced522702dfb98c8989d7f57d590a560dec1768c,json
analysis/verified_20260907/evidence/grid_tests/athw_chi1000/verification_final.json,1117,58df5a571179cd3cb6c13b1effb44cf2f17029437f8673929f0f3cad5f5428b4,json
analysis/verified_20260907/evidence/grid_tests/athw_chi1000/verification_reader_corrected.json,1218,840616abd2bfce4d1c7a52d13b5aaa6e6f9f454e630e5abc1631c7521d8efab2,json
analysis/verified_20260907/evidence/grid_tests/enzo_chi10/CloudWind.enzo,2207,db561989afd55aef2fb0cbef5d715e29acfac5a3baba1e6c32d6831018ef9e16,enzo
analysis/verified_20260907/evidence/grid_tests/enzo_chi10/mass_diagnostics_v2.json,2412,c9af4c1dfa96725d4169266db1ec8a88ff8bbc69c2df0d2d3927245680a48b80,json
analysis/verified_20260907/evidence/grid_tests/enzo_chi10/run.log,1714,1a95a5dff25c63d3c00cfd1d73a3740fc49fcec7fb09a01669821ddd6f14b02e,log
analysis/verified_20260907/evidence/grid_tests/enzo_chi10/verification.json,1184,9f3de2041518f5934e5c046b41cc10d8230b3a939d0c159154ed80236fa34e12,json
analysis/verified_20260907/evidence/grid_tests/enzo_chi10/verification_final.json,1040,70335580eb00d250b6434c5acb11cae397e0c813b837d5855a96fe3497580444,json
analysis/verified_20260907/evidence/grid_tests/enzo_chi100/CloudWind.enzo,2208,a51cece948d9a16841dbedf0edbb4dc62e5d36d592889ae13e1be16cfc5dcb5b,enzo
analysis/verified_20260907/evidence/grid_tests/enzo_chi100/mass_diagnostics_v2.json,2415,4202231e3794441270ecae1e71f2577a6457437e33bf1ead71e68e9bcf1e0268,json
analysis/verified_20260907/evidence/grid_tests/enzo_chi100/run.log,1715,c0584dddba6dd3f00250afe09e417ee09cd5a75bbd4df088e9226764d9edbea1,log
analysis/verified_20260907/evidence/grid_tests/enzo_chi100/verification.json,1187,d0a0bde2ec2bcf237fd3b839e10ef7d7d3b0ba6984b15cd03802de95f19b99f8,json
analysis/verified_20260907/evidence/grid_tests/enzo_chi100/verification_final.json,1042,90ba62274ce39a5a5562a6ff116882c0b536f678657a3dc796c5dc9f4fb59166,json
analysis/verified_20260907/evidence/grid_tests/enzo_chi1000/CloudWind.enzo,2209,78537181cc9087f7f2b9d3e0dad12ea4d196bb800712c0564d7afd53b79e04bd,enzo
analysis/verified_20260907/evidence/grid_tests/enzo_chi1000/mass_diagnostics_v2.json,2419,1e81b3ec44f696f4f48002f9271b8d034cf2e1dde78dbd10576fbdd44b43aa41,json
analysis/verified_20260907/evidence/grid_tests/enzo_chi1000/run.log,1716,f014bbb849fe39397c7c9d8abc116e3a00407afdace8b3c10cbf9ec1619aaccf,log
analysis/verified_20260907/evidence/grid_tests/enzo_chi1000/verification.json,1191,1748d1b592c1b21fb62e60d1911d45bcae75feae1bd47b60a03bcd24c0a5efe8,json
analysis/verified_20260907/evidence/grid_tests/enzo_chi1000/verification_final.json,1045,1363b2801f9c490fbcb7afbce799e4ed054a0542a8b73179e527081773d6c707,json
analysis/verified_20260907/evidence/grid_tests/flash_chi10/flash.par,4638,77daebef8adf4f1e4defd508a3afb81a784cb4dd7e9e67dfd8841b85e3c6b5f0,par
analysis/verified_20260907/evidence/grid_tests/flash_chi10/mass_diagnostics_v2.json,2437,b0928f297dcfe1f85bdc11c8728104e78b4c344dc67001a3d86f5b1dd0ef1c2f,json
analysis/verified_20260907/evidence/grid_tests/flash_chi10/run.log,1072,3132fdb2f37490114d55e53ce6d09c9d5db3dea4c2c64e9221ead87b3592a254,log
analysis/verified_20260907/evidence/grid_tests/flash_chi10/verification.json,1195,2ec6e6a5eb163deecde02b67eb6415154ccfaf42e82d02e35430bbdfea32ea1a,json
analysis/verified_20260907/evidence/grid_tests/flash_chi10/verification_final.json,1050,f9a016d485d970e93bca939bcf53154c01dba1f6bbff6e602911e186677ea64c,json
analysis/verified_20260907/evidence/grid_tests/flash_chi100/flash.par,4639,3cf06269549e12cbf4373ef299d7a16d911b9fa941dad7bd9002644c2cf1f7d9,par
analysis/verified_20260907/evidence/grid_tests/flash_chi100/mass_diagnostics_v2.json,2435,4dccddd51e532e6a99ecc97dc8a0b077657a6d3f8e20b711baeabf3a617ba34c,json
analysis/verified_20260907/evidence/grid_tests/flash_chi100/run.log,1072,3132fdb2f37490114d55e53ce6d09c9d5db3dea4c2c64e9221ead87b3592a254,log
analysis/verified_20260907/evidence/grid_tests/flash_chi100/verification.json,1197,cf3fc51b3e2fbbd62bbd158144d6f32ebef16fe26e493a039f64cb140d9e9c70,json
analysis/verified_20260907/evidence/grid_tests/flash_chi100/verification_final.json,1051,25aedc1f8bae9b67590292058a56d0e8c7666521a07e4be9f1d13d97b4e6b147,json
analysis/verified_20260907/evidence/grid_tests/flash_chi1000/flash.par,4640,b8a92bf15a25fc1f09a514eca07cfde992b9fa210e3f78064f24758f12bb9c60,par
analysis/verified_20260907/evidence/grid_tests/flash_chi1000/mass_diagnostics_v2.json,2438,840c835129ee8ae37a43c356603493ebb7d743c2b52ba0d162394861d26da20f,json
analysis/verified_20260907/evidence/grid_tests/flash_chi1000/run.log,1072,3132fdb2f37490114d55e53ce6d09c9d5db3dea4c2c64e9221ead87b3592a254,log
analysis/verified_20260907/evidence/grid_tests/flash_chi1000/verification.json,1201,7cbe1d24f6cb1996fe94b90b76b7c3358f5a995313b06db02310d3b4b76202c2,json
analysis/verified_20260907/evidence/grid_tests/flash_chi1000/verification_final.json,1054,92a4293585cafd76c98c3bb29ed15c7519b2c250f96417a54bef88a26e786572,json
analysis/verified_20260907/evidence/grid_tests/flashx_chi10/flash.par,3616,fa4839f31cdf98e7f9e6ad631b47157e01175c4370f7a1e192cb0599f2127e75,par
analysis/verified_20260907/evidence/grid_tests/flashx_chi10/mass_diagnostics_v2.json,2436,aebb795292b83767462442d454501b82f9a75d3515731f9db8e36aba7b258a1b,json
analysis/verified_20260907/evidence/grid_tests/flashx_chi10/run.log,1077,3ef600a31c0e01bb7b4bf26f342916219234e2cf5dfac6dcf720557ce0b0ace1,log
analysis/verified_20260907/evidence/grid_tests/flashx_chi10/verification.json,1195,2ecc1523816f16be1a4a10f33961b48a5aa57dca575b6d48ae50e988754b1e2f,json
analysis/verified_20260907/evidence/grid_tests/flashx_chi10/verification_final.json,1049,e2b728c06bc686c1bf723d11ac299535dcec97a87a859c2b8773b49af925cbc2,json
analysis/verified_20260907/evidence/grid_tests/flashx_chi100/flash.par,3617,44ca6dd91f927bf3c79eeafee32a4fcba1c5aaa1d35c5b5cc36cd7193cd8cdca,par
analysis/verified_20260907/evidence/grid_tests/flashx_chi100/mass_diagnostics_v2.json,2435,edf0a08e4918c5be3b401ed8f8d05261c0a23dc753411a5bc3fc6c51d160949c,json
analysis/verified_20260907/evidence/grid_tests/flashx_chi100/run.log,1077,3ef600a31c0e01bb7b4bf26f342916219234e2cf5dfac6dcf720557ce0b0ace1,log
analysis/verified_20260907/evidence/grid_tests/flashx_chi100/verification.json,1198,d4aea62267cfa8fa8a0b819434ff4a6e172744b51634e66dd966caa02eff7b47,json
analysis/verified_20260907/evidence/grid_tests/flashx_chi100/verification_final.json,1051,fd47bd8274e30690d3a472bae61e23783500d88b88a256616c5e9b009f3e3c82,json
analysis/verified_20260907/evidence/grid_tests/flashx_chi1000/flash.par,3618,05cc8f60bc93eecb5bc2b2460c5696f1f592d4cfc42d8fefdee212896b61c84b,par
analysis/verified_20260907/evidence/grid_tests/flashx_chi1000/mass_diagnostics_v2.json,2441,61a32ee552a2b82047662fb4271169a47cb317dd52d709302f1849baca40d849,json
analysis/verified_20260907/evidence/grid_tests/flashx_chi1000/run.log,1077,3ef600a31c0e01bb7b4bf26f342916219234e2cf5dfac6dcf720557ce0b0ace1,log
analysis/verified_20260907/evidence/grid_tests/flashx_chi1000/verification.json,1202,65ef8ebe6e7de7fb0ac58ca3af5fa07c0c0bba41bae30e637090f02c9e3bb986,json
analysis/verified_20260907/evidence/grid_tests/flashx_chi1000/verification_final.json,1054,7f12df1f647969df3041d250b8edbf9896dd54afa645cd3fd0108ac94c686bfa,json
analysis/verified_20260907/evidence/negative_controls/apk/athinput,3774,5c36771dda4bc95a6bc46d5f05d2d04966b792074728d72dadb2346ef4030cfd,
analysis/verified_20260907/evidence/negative_controls/apk/run.log,1891,f305c274e343cf2a4d72762ff139032853ded598399e4e915a79359b63495e91,log
analysis/verified_20260907/evidence/negative_controls/athpp/athinput,1976,772dc06ce11a5aa1aeffd10fb9d48c1170ce20b76554c53dc88a85676892be62,
analysis/verified_20260907/evidence/negative_controls/athpp/run.log,375,2656a977fb3f38a86ee75ed61564e7153d953d29efe190614e19086c8fa719b6,log
analysis/verified_20260907/evidence/negative_controls/results.json,2557,5420a3fe55e29961f42d6dabba497e12e6353a1c35f07dbad9c8771809957529,json
analysis/verified_20260907/evidence/particle_generator_checks.json,5063,99c7d1e7e30f706699d629c840b3bee8549a1c6ada67922770704ebc767c4c09,json
analysis/verified_20260907/evidence/ramses_rect_tests/chi10/inspection.json,602,782b403ffec97a91f327f85d4e8ba99c189d7ab984ae31ca99d510413aa0e7b2,json
analysis/verified_20260907/evidence/ramses_rect_tests/chi10/mass_diagnostics_v2.json,2420,a20c40abc2a29e93bf265c03ab622e206e2384b379a1816baee0bb185b73f8cb,json
analysis/verified_20260907/evidence/ramses_rect_tests/chi10/run.log,2948,708266f24d3b1f8450aa77f0ecacb1bf8534e88b9fb403549967f95602fb5125,log
analysis/verified_20260907/evidence/ramses_rect_tests/chi10/run.nml,1101,405352782bb2291fcacefddab0ef99c114e000857e0abe8a46ff45177e2b5f1a,nml
analysis/verified_20260907/evidence/ramses_rect_tests/chi10/verification.json,589,7c768a4fb36fe983094b68cc4e2dcb7db78dfb607cebfbec7eb986d5a8ae68f5,json
analysis/verified_20260907/evidence/ramses_rect_tests/chi100/inspection.json,605,c6e7f5ca3ae7b471882ad5d0686202269742c36c0311433854193aadfa939787,json
analysis/verified_20260907/evidence/ramses_rect_tests/chi100/mass_diagnostics_v2.json,2424,41f69815c4b2afca57df7af100694f482dc15d8124c49421d279ddb8458c787a,json
analysis/verified_20260907/evidence/ramses_rect_tests/chi100/run.log,2948,a16aa7265307f2920b41e58920b8c50d39e297383de5b8c1f1f8a6f84bbf55cb,log
analysis/verified_20260907/evidence/ramses_rect_tests/chi100/run.nml,1102,172e8a803f93400205d526d8b82a91c5f97412c8e01416b6e60005d92f6c579e,nml
analysis/verified_20260907/evidence/ramses_rect_tests/chi100/verification.json,590,e3ac2cfae938c5212fe791d926256568126e0369c598805220d1efaccace4505,json
analysis/verified_20260907/evidence/ramses_rect_tests/chi1000/inspection.json,608,ab857ca286d44d7b2d6b873aee5f3dbdfda54dd59e17cd4c8b7c846f3b9be1f1,json
analysis/verified_20260907/evidence/ramses_rect_tests/chi1000/mass_diagnostics_v2.json,2427,891860bfa204b8aeb45f15c20e17b2da4736408a26bbd1781b220984b0dd1729,json
analysis/verified_20260907/evidence/ramses_rect_tests/chi1000/run.log,2948,d6009c19a80eb6f6d6d7c333589345fd6428be08523427903c60bdd26e7ee3ae,log
analysis/verified_20260907/evidence/ramses_rect_tests/chi1000/run.nml,1103,8114a648bde786e8de89699936b5e25adfd0fa5b1eda04c5a88bdcaf8613b48b,nml
analysis/verified_20260907/evidence/ramses_rect_tests/chi1000/verification.json,592,af7204248344f0857710cd5471927f9d6454d748668b86d2e6aa4159e271d091,json
analysis/verified_20260907/figure1_v2.py,6854,548f9b02095f28953c945a3ecc0bee0f6e6ea26f717c990d8f475a694b55a3bf,py
analysis/verified_20260907/figure2_v2.py,3782,c93a01cfe1f2a1ae530f0e03058d73fd2b27cbc0e8d89b444301517f1b5159bf,py
analysis/verified_20260907/grid_smokes.py,5546,5a52040a10317930baa729ff612d9b66f3bbbff524b8690dc90812b26e56debc,py
analysis/verified_20260907/negative_controls.py,1192,caaa25e41cbb0d8fa54dfe5f484ede6fdaa08fc59ad52617903394836e7da003,py
analysis/verified_20260907/ramses_native.py,5452,c2b3b9f6146e96b294daf8009336d91df01daf01fe53c213afda15348e3f1c2d,py
analysis/verified_20260907/ramses_smoke.py,1771,a65d7add63151ad752972db514961f5a062672325bb88d1e5d6eb0bd7dbbf4b9,py
analysis/verified_20260907/README.md,1903,cb25d43e9edaa5f897a63983466e661d59bb019bafcb09d4eafb1336fb4ec683,md
analysis/verified_20260907/run_corrected_athpp.py,4701,96158a11b09d7c5df1055b865d7d6015a57b15b626a4292afed094d6eef93407,py
analysis/verified_20260907/run_params.py,7323,0fee43d86ae146713a14f780fd813b870340af5fe10b8db0bef6c93e9112ebee,py
analysis/verified_20260907/storage_guard.py,4269,f342c104352aa4526e737ac58a33e081a12d69d00c57cc55f15ad49a3f9e6fcb,py
analysis/verified_20260907/test_additional.py,1914,bcc4128bdcf5dcd181ae8a2396822b5b22a4e5685e10bc95a0022d97c22ea26e,py
analysis/verified_20260907/test_analysis.py,2088,5929d961a4ef0d4205754aed166b9a5d8a43f8220c498b6fe680a7e0051ec876,py
analysis/verified_20260907/test_particle_ics.py,3385,6f1052e386d8eeb69b9f6bfe4f5a0cef40100972ecb586fc27ee7a9d9fa4c220,py
analysis/verified_20260907/test_viewer.cjs,1388,8f1e0922f14118e9705dc28bbf929cf7f949304497478885d9af4c7b3ce7ef0e,cjs
analysis/verified_20260907/verify_extra.py,2511,7e977c5427caf16b943ddf220aff52d600b381e77be703ae32a55b968e6adadb,py
